gvkey,iid,datadate,tic,prccd
170617,01,2012-05-18,META,38.23180000
170617,01,2012-05-21,META,34.03000000
170617,01,2012-05-22,META,31.00000000
170617,01,2012-05-23,META,32.00000000
170617,01,2012-05-24,META,33.03000000
170617,01,2012-05-25,META,31.91000000
170617,01,2012-05-29,META,28.84000000
170617,01,2012-05-30,META,28.19000000
170617,01,2012-05-31,META,29.60000000
170617,01,2012-06-01,META,27.72000000
170617,01,2012-06-04,META,26.90000000
170617,01,2012-06-05,META,25.86900000
170617,01,2012-06-06,META,26.81000000
170617,01,2012-06-07,META,26.31000000
170617,01,2012-06-08,META,27.10000000
170617,01,2012-06-11,META,27.00500000
170617,01,2012-06-12,META,27.40000000
170617,01,2012-06-13,META,27.27000000
170617,01,2012-06-14,META,28.29000000
170617,01,2012-06-15,META,30.01400000
170617,01,2012-06-18,META,31.41000000
170617,01,2012-06-19,META,31.91100000
170617,01,2012-06-20,META,31.60000000
170617,01,2012-06-21,META,31.84000000
170617,01,2012-06-22,META,33.05000000
170617,01,2012-06-25,META,32.06000000
170617,01,2012-06-26,META,33.10000000
170617,01,2012-06-27,META,32.23000000
170617,01,2012-06-28,META,31.36000000
170617,01,2012-06-29,META,31.09500000
170617,01,2012-07-02,META,30.77100000
170617,01,2012-07-03,META,31.20000000
170617,01,2012-07-05,META,31.47000000
170617,01,2012-07-06,META,31.73000000
170617,01,2012-07-09,META,32.17000000
170617,01,2012-07-10,META,31.47000000
170617,01,2012-07-11,META,30.97000000
170617,01,2012-07-12,META,30.81000000
170617,01,2012-07-13,META,30.72000000
170617,01,2012-07-16,META,28.24500000
170617,01,2012-07-17,META,28.09000000
170617,01,2012-07-18,META,29.11000000
170617,01,2012-07-19,META,29.00000000
170617,01,2012-07-20,META,28.76000000
170617,01,2012-07-23,META,28.75000000
170617,01,2012-07-24,META,28.45000000
170617,01,2012-07-25,META,29.34000000
170617,01,2012-07-26,META,26.84500000
170617,01,2012-07-27,META,23.70500000
170617,01,2012-07-30,META,23.15000000
170617,01,2012-07-31,META,21.71000000
170617,01,2012-08-01,META,20.88000000
170617,01,2012-08-02,META,20.04000000
170617,01,2012-08-03,META,21.09000000
170617,01,2012-08-06,META,21.92000000
170617,01,2012-08-07,META,20.72000000
170617,01,2012-08-08,META,20.72000000
170617,01,2012-08-09,META,21.01000000
170617,01,2012-08-10,META,21.80700000
170617,01,2012-08-13,META,21.60000000
170617,01,2012-08-14,META,20.38000000
170617,01,2012-08-15,META,21.20000000
170617,01,2012-08-16,META,19.87000000
170617,01,2012-08-17,META,19.05000000
170617,01,2012-08-20,META,20.01100000
170617,01,2012-08-21,META,19.15900000
170617,01,2012-08-22,META,19.43900000
170617,01,2012-08-23,META,19.44000000
170617,01,2012-08-24,META,19.40900000
170617,01,2012-08-27,META,19.15000000
170617,01,2012-08-28,META,19.34000000
170617,01,2012-08-29,META,19.10000000
170617,01,2012-08-30,META,19.08850000
170617,01,2012-08-31,META,18.05800000
170617,01,2012-09-04,META,17.72900000
170617,01,2012-09-05,META,18.58000000
170617,01,2012-09-06,META,18.96000000
170617,01,2012-09-07,META,18.98000000
170617,01,2012-09-10,META,18.81000000
170617,01,2012-09-11,META,19.43000000
170617,01,2012-09-12,META,20.93100000
170617,01,2012-09-13,META,20.71300000
170617,01,2012-09-14,META,22.00000000
170617,01,2012-09-17,META,21.52000000
170617,01,2012-09-18,META,21.87000000
170617,01,2012-09-19,META,23.29000000
170617,01,2012-09-20,META,22.59000000
170617,01,2012-09-21,META,22.86000000
170617,01,2012-09-24,META,20.79000000
170617,01,2012-09-25,META,20.28000000
170617,01,2012-09-26,META,20.62000000
170617,01,2012-09-27,META,20.32000000
170617,01,2012-09-28,META,21.66000000
170617,01,2012-10-01,META,21.99000000
170617,01,2012-10-02,META,22.27000000
170617,01,2012-10-03,META,21.83000000
170617,01,2012-10-04,META,21.94750000
170617,01,2012-10-05,META,20.91000000
170617,01,2012-10-08,META,20.40000000
170617,01,2012-10-09,META,20.22700000
170617,01,2012-10-10,META,19.64000000
170617,01,2012-10-11,META,19.75000000
170617,01,2012-10-12,META,19.51810000
170617,01,2012-10-15,META,19.52000000
170617,01,2012-10-16,META,19.48000000
170617,01,2012-10-17,META,19.88000000
170617,01,2012-10-18,META,18.97500000
170617,01,2012-10-19,META,19.00000000
170617,01,2012-10-22,META,19.32100000
170617,01,2012-10-23,META,19.50000000
170617,01,2012-10-24,META,23.22990000
170617,01,2012-10-25,META,22.56000000
170617,01,2012-10-26,META,21.94250000
170617,01,2012-10-31,META,21.11000000
170617,01,2012-11-01,META,21.21000000
170617,01,2012-11-02,META,21.18000000
170617,01,2012-11-05,META,21.25000000
170617,01,2012-11-06,META,21.17120000
170617,01,2012-11-07,META,20.47000000
170617,01,2012-11-08,META,19.99000000
170617,01,2012-11-09,META,19.21000000
170617,01,2012-11-12,META,20.07000000
170617,01,2012-11-13,META,19.86000000
170617,01,2012-11-14,META,22.36000000
170617,01,2012-11-15,META,22.17000000
170617,01,2012-11-16,META,23.56070000
170617,01,2012-11-19,META,22.92000000
170617,01,2012-11-20,META,23.10000000
170617,01,2012-11-21,META,24.32000000
170617,01,2012-11-23,META,23.99800000
170617,01,2012-11-26,META,25.94000000
170617,01,2012-11-27,META,26.15000000
170617,01,2012-11-28,META,26.36000000
170617,01,2012-11-29,META,27.32000000
170617,01,2012-11-30,META,28.00000000
170617,01,2012-12-03,META,27.04000000
170617,01,2012-12-04,META,27.46000000
170617,01,2012-12-05,META,27.71000000
170617,01,2012-12-06,META,26.97000000
170617,01,2012-12-07,META,27.48500000
170617,01,2012-12-10,META,27.84000000
170617,01,2012-12-11,META,27.98000000
170617,01,2012-12-12,META,27.58010000
170617,01,2012-12-13,META,28.24000000
170617,01,2012-12-14,META,26.81200000
170617,01,2012-12-17,META,26.75000000
170617,01,2012-12-18,META,27.71000000
170617,01,2012-12-19,META,27.41000000
170617,01,2012-12-20,META,27.36000000
170617,01,2012-12-21,META,26.26000000
170617,01,2012-12-24,META,26.93000000
170617,01,2012-12-26,META,26.51000000
170617,01,2012-12-27,META,26.05000000
170617,01,2012-12-28,META,25.91120000
170617,01,2012-12-31,META,26.61970000
170617,01,2013-01-02,META,28.00000000
170617,01,2013-01-03,META,27.77000000
170617,01,2013-01-04,META,28.76000000
170617,01,2013-01-07,META,29.42130000
170617,01,2013-01-08,META,29.06070000
170617,01,2013-01-09,META,30.59000000
170617,01,2013-01-10,META,31.30000000
170617,01,2013-01-11,META,31.72000000
170617,01,2013-01-14,META,30.94750000
170617,01,2013-01-15,META,30.10000000
170617,01,2013-01-16,META,29.85000000
170617,01,2013-01-17,META,30.14000000
170617,01,2013-01-18,META,29.66000000
170617,01,2013-01-22,META,30.72900000
170617,01,2013-01-23,META,30.82000000
170617,01,2013-01-24,META,31.08000000
170617,01,2013-01-25,META,31.54000000
170617,01,2013-01-28,META,32.46900000
170617,01,2013-01-29,META,30.79000000
170617,01,2013-01-30,META,31.24000000
170617,01,2013-01-31,META,30.98100000
170617,01,2013-02-01,META,29.73000000
170617,01,2013-02-04,META,28.10900000
170617,01,2013-02-05,META,28.64000000
170617,01,2013-02-06,META,29.05000000
170617,01,2013-02-07,META,28.65000000
170617,01,2013-02-08,META,28.54500000
170617,01,2013-02-11,META,28.26000000
170617,01,2013-02-12,META,27.37000000
170617,01,2013-02-13,META,27.90750000
170617,01,2013-02-14,META,28.50000000
170617,01,2013-02-15,META,28.32000000
170617,01,2013-02-19,META,28.93000000
170617,01,2013-02-20,META,28.46200000
170617,01,2013-02-21,META,27.28300000
170617,01,2013-02-22,META,27.13000000
170617,01,2013-02-25,META,27.27000000
170617,01,2013-02-26,META,27.39000000
170617,01,2013-02-27,META,26.87000000
170617,01,2013-02-28,META,27.25000000
170617,01,2013-03-01,META,27.78000000
170617,01,2013-03-04,META,27.72000000
170617,01,2013-03-05,META,27.52000000
170617,01,2013-03-06,META,27.45250000
170617,01,2013-03-07,META,28.57800000
170617,01,2013-03-08,META,27.96000000
170617,01,2013-03-11,META,28.14000000
170617,01,2013-03-12,META,27.83000000
170617,01,2013-03-13,META,27.08000000
170617,01,2013-03-14,META,27.04000000
170617,01,2013-03-15,META,26.64500000
170617,01,2013-03-18,META,26.49000000
170617,01,2013-03-19,META,26.55000000
170617,01,2013-03-20,META,25.86000000
170617,01,2013-03-21,META,25.74000000
170617,01,2013-03-22,META,25.73000000
170617,01,2013-03-25,META,25.13100000
170617,01,2013-03-26,META,25.20500000
170617,01,2013-03-27,META,26.09000000
170617,01,2013-03-28,META,25.58000000
170617,01,2013-04-01,META,25.53000000
170617,01,2013-04-02,META,25.42000000
170617,01,2013-04-03,META,26.25000000
170617,01,2013-04-04,META,27.07250000
170617,01,2013-04-05,META,27.39000000
170617,01,2013-04-08,META,26.84900000
170617,01,2013-04-09,META,26.59000000
170617,01,2013-04-10,META,27.57000000
170617,01,2013-04-11,META,28.01750000
170617,01,2013-04-12,META,27.40000000
170617,01,2013-04-15,META,26.52000000
170617,01,2013-04-16,META,26.92000000
170617,01,2013-04-17,META,26.62500000
170617,01,2013-04-18,META,25.69000000
170617,01,2013-04-19,META,25.73000000
170617,01,2013-04-22,META,25.97000000
170617,01,2013-04-23,META,25.98000000
170617,01,2013-04-24,META,26.11000000
170617,01,2013-04-25,META,26.14000000
170617,01,2013-04-26,META,26.85000000
170617,01,2013-04-29,META,26.98000000
170617,01,2013-04-30,META,27.76900000
170617,01,2013-05-01,META,27.43000000
170617,01,2013-05-02,META,28.97000000
170617,01,2013-05-03,META,28.31100000
170617,01,2013-05-06,META,27.57000000
170617,01,2013-05-07,META,26.88900000
170617,01,2013-05-08,META,27.12000000
170617,01,2013-05-09,META,27.04000000
170617,01,2013-05-10,META,26.68000000
170617,01,2013-05-13,META,26.82000000
170617,01,2013-05-14,META,27.07000000
170617,01,2013-05-15,META,26.60000000
170617,01,2013-05-16,META,26.13000000
170617,01,2013-05-17,META,26.25000000
170617,01,2013-05-20,META,25.75900000
170617,01,2013-05-21,META,25.66000000
170617,01,2013-05-22,META,25.15900000
170617,01,2013-05-23,META,25.06000000
170617,01,2013-05-24,META,24.31250000
170617,01,2013-05-28,META,24.10000000
170617,01,2013-05-29,META,23.32000000
170617,01,2013-05-30,META,24.55000000
170617,01,2013-05-31,META,24.34800000
170617,01,2013-06-03,META,23.84800000
170617,01,2013-06-04,META,23.52000000
170617,01,2013-06-05,META,22.89900000
170617,01,2013-06-06,META,22.97000000
170617,01,2013-06-07,META,23.29100000
170617,01,2013-06-10,META,24.33000000
170617,01,2013-06-11,META,24.03000000
170617,01,2013-06-12,META,23.77000000
170617,01,2013-06-13,META,23.73000000
170617,01,2013-06-14,META,23.63000000
170617,01,2013-06-17,META,24.02200000
170617,01,2013-06-18,META,24.21000000
170617,01,2013-06-19,META,24.30900000
170617,01,2013-06-20,META,23.90000000
170617,01,2013-06-21,META,24.53000000
170617,01,2013-06-24,META,23.93500000
170617,01,2013-06-25,META,24.25000000
170617,01,2013-06-26,META,24.16000000
170617,01,2013-06-27,META,24.66000000
170617,01,2013-06-28,META,24.88000000
170617,01,2013-07-01,META,24.81000000
170617,01,2013-07-02,META,24.41000000
170617,01,2013-07-03,META,24.52000000
170617,01,2013-07-05,META,24.37000000
170617,01,2013-07-08,META,24.71000000
170617,01,2013-07-09,META,25.48000000
170617,01,2013-07-10,META,25.80000000
170617,01,2013-07-11,META,25.81000000
170617,01,2013-07-12,META,25.91000000
170617,01,2013-07-15,META,26.28000000
170617,01,2013-07-16,META,26.32000000
170617,01,2013-07-17,META,26.65000000
170617,01,2013-07-18,META,26.18000000
170617,01,2013-07-19,META,25.88100000
170617,01,2013-07-22,META,26.04500000
170617,01,2013-07-23,META,26.13000000
170617,01,2013-07-24,META,26.51000000
170617,01,2013-07-25,META,34.35900000
170617,01,2013-07-26,META,34.01000000
170617,01,2013-07-29,META,35.43000000
170617,01,2013-07-30,META,37.62700000
170617,01,2013-07-31,META,36.80000000
170617,01,2013-08-01,META,37.48900000
170617,01,2013-08-02,META,38.05000000
170617,01,2013-08-05,META,39.18900000
170617,01,2013-08-06,META,38.55000000
170617,01,2013-08-07,META,38.87000000
170617,01,2013-08-08,META,38.54000000
170617,01,2013-08-09,META,38.50000000
170617,01,2013-08-12,META,38.22000000
170617,01,2013-08-13,META,37.01900000
170617,01,2013-08-14,META,36.65000000
170617,01,2013-08-15,META,36.56000000
170617,01,2013-08-16,META,37.08000000
170617,01,2013-08-19,META,37.81000000
170617,01,2013-08-20,META,38.41000000
170617,01,2013-08-21,META,38.32000000
170617,01,2013-08-22,META,38.55000000
170617,01,2013-08-23,META,40.55000000
170617,01,2013-08-26,META,41.34000000
170617,01,2013-08-27,META,39.64000000
170617,01,2013-08-28,META,40.54800000
170617,01,2013-08-29,META,41.28000000
170617,01,2013-08-30,META,41.29400000
170617,01,2013-09-03,META,41.87000000
170617,01,2013-09-04,META,41.78000000
170617,01,2013-09-05,META,42.66000000
170617,01,2013-09-06,META,43.95000000
170617,01,2013-09-09,META,44.04000000
170617,01,2013-09-10,META,43.60000000
170617,01,2013-09-11,META,45.04000000
170617,01,2013-09-12,META,44.75000000
170617,01,2013-09-13,META,44.31000000
170617,01,2013-09-16,META,42.51000000
170617,01,2013-09-17,META,45.07000000
170617,01,2013-09-18,META,45.23000000
170617,01,2013-09-19,META,45.98000000
170617,01,2013-09-20,META,47.49000000
170617,01,2013-09-23,META,47.19000000
170617,01,2013-09-24,META,48.45000000
170617,01,2013-09-25,META,49.46000000
170617,01,2013-09-26,META,50.39000000
170617,01,2013-09-27,META,51.24000000
170617,01,2013-09-30,META,50.23000000
170617,01,2013-10-01,META,50.42000000
170617,01,2013-10-02,META,50.28000000
170617,01,2013-10-03,META,49.18300000
170617,01,2013-10-04,META,51.04000000
170617,01,2013-10-07,META,50.51500000
170617,01,2013-10-08,META,47.14000000
170617,01,2013-10-09,META,46.77000000
170617,01,2013-10-10,META,49.05000000
170617,01,2013-10-11,META,49.11000000
170617,01,2013-10-14,META,49.51000000
170617,01,2013-10-15,META,49.50000000
170617,01,2013-10-16,META,51.13500000
170617,01,2013-10-17,META,52.21000000
170617,01,2013-10-18,META,54.22000000
170617,01,2013-10-21,META,53.85000000
170617,01,2013-10-22,META,52.67500000
170617,01,2013-10-23,META,51.90000000
170617,01,2013-10-24,META,52.44500000
170617,01,2013-10-25,META,51.95000000
170617,01,2013-10-28,META,50.22900000
170617,01,2013-10-29,META,49.39500000
170617,01,2013-10-30,META,49.01000000
170617,01,2013-10-31,META,50.20500000
170617,01,2013-11-01,META,49.75000000
170617,01,2013-11-04,META,48.22000000
170617,01,2013-11-05,META,50.10500000
170617,01,2013-11-06,META,49.12000000
170617,01,2013-11-07,META,47.56000000
170617,01,2013-11-08,META,47.53000000
170617,01,2013-11-11,META,46.20000000
170617,01,2013-11-12,META,46.60500000
170617,01,2013-11-13,META,48.71000000
170617,01,2013-11-14,META,48.99000000
170617,01,2013-11-15,META,49.01000000
170617,01,2013-11-18,META,45.83000000
170617,01,2013-11-19,META,46.36000000
170617,01,2013-11-20,META,46.43000000
170617,01,2013-11-21,META,46.70000000
170617,01,2013-11-22,META,46.23000000
170617,01,2013-11-25,META,44.82000000
170617,01,2013-11-26,META,45.89000000
170617,01,2013-11-27,META,46.49000000
170617,01,2013-11-29,META,47.01000000
170617,01,2013-12-02,META,47.06000000
170617,01,2013-12-03,META,46.73000000
170617,01,2013-12-04,META,48.62000000
170617,01,2013-12-05,META,48.34000000
170617,01,2013-12-06,META,47.94000000
170617,01,2013-12-09,META,48.84000000
170617,01,2013-12-10,META,50.24500000
170617,01,2013-12-11,META,49.38000000
170617,01,2013-12-12,META,51.83000000
170617,01,2013-12-13,META,53.32000000
170617,01,2013-12-16,META,53.81000000
170617,01,2013-12-17,META,54.86000000
170617,01,2013-12-18,META,55.57000000
170617,01,2013-12-19,META,55.05000000
170617,01,2013-12-20,META,55.12000000
170617,01,2013-12-23,META,57.77000000
170617,01,2013-12-24,META,57.96000000
170617,01,2013-12-26,META,57.73000000
170617,01,2013-12-27,META,55.44000000
170617,01,2013-12-30,META,53.71000000
170617,01,2013-12-31,META,54.64900000
170617,01,2014-01-02,META,54.71000000
170617,01,2014-01-03,META,54.55700000
170617,01,2014-01-06,META,57.20000000
170617,01,2014-01-07,META,57.92000000
170617,01,2014-01-08,META,58.23000000
170617,01,2014-01-09,META,57.22000000
170617,01,2014-01-10,META,57.94000000
170617,01,2014-01-13,META,55.91000000
170617,01,2014-01-14,META,57.74000000
170617,01,2014-01-15,META,57.60000000
170617,01,2014-01-16,META,57.19000000
170617,01,2014-01-17,META,56.30000000
170617,01,2014-01-21,META,58.51000000
170617,01,2014-01-22,META,57.51000000
170617,01,2014-01-23,META,56.63000000
170617,01,2014-01-24,META,54.45000000
170617,01,2014-01-27,META,53.55000000
170617,01,2014-01-28,META,55.14000000
170617,01,2014-01-29,META,53.53000000
170617,01,2014-01-30,META,61.08000000
170617,01,2014-01-31,META,62.57000000
170617,01,2014-02-03,META,61.48000000
170617,01,2014-02-04,META,62.75000000
170617,01,2014-02-05,META,62.19000000
170617,01,2014-02-06,META,62.16000000
170617,01,2014-02-07,META,64.32000000
170617,01,2014-02-10,META,63.54800000
170617,01,2014-02-11,META,64.85100000
170617,01,2014-02-12,META,64.45000000
170617,01,2014-02-13,META,67.33000000
170617,01,2014-02-14,META,67.09000000
170617,01,2014-02-18,META,67.30000000
170617,01,2014-02-19,META,68.06000000
170617,01,2014-02-20,META,69.63000000
170617,01,2014-02-21,META,68.59000000
170617,01,2014-02-24,META,70.78000000
170617,01,2014-02-25,META,69.85000000
170617,01,2014-02-26,META,69.26000000
170617,01,2014-02-27,META,68.94000000
170617,01,2014-02-28,META,68.46000000
170617,01,2014-03-03,META,67.41000000
170617,01,2014-03-04,META,68.80000000
170617,01,2014-03-05,META,71.57000000
170617,01,2014-03-06,META,70.84000000
170617,01,2014-03-07,META,69.80000000
170617,01,2014-03-10,META,72.03000000
170617,01,2014-03-11,META,70.10000000
170617,01,2014-03-12,META,70.87990000
170617,01,2014-03-13,META,68.83000000
170617,01,2014-03-14,META,67.72000000
170617,01,2014-03-17,META,68.73990000
170617,01,2014-03-18,META,69.19000000
170617,01,2014-03-19,META,68.24000000
170617,01,2014-03-20,META,66.97000000
170617,01,2014-03-21,META,67.24000000
170617,01,2014-03-24,META,64.10000000
170617,01,2014-03-25,META,64.89000000
170617,01,2014-03-26,META,60.38500000
170617,01,2014-03-27,META,60.97000000
170617,01,2014-03-28,META,60.01000000
170617,01,2014-03-31,META,60.24000000
170617,01,2014-04-01,META,62.62000000
170617,01,2014-04-02,META,62.72000000
170617,01,2014-04-03,META,59.49000000
170617,01,2014-04-04,META,56.74900000
170617,01,2014-04-07,META,56.95000000
170617,01,2014-04-08,META,58.19010000
170617,01,2014-04-09,META,62.41000000
170617,01,2014-04-10,META,59.16000000
170617,01,2014-04-11,META,58.53000000
170617,01,2014-04-14,META,58.89000000
170617,01,2014-04-15,META,59.09000000
170617,01,2014-04-16,META,59.72000000
170617,01,2014-04-17,META,58.94000000
170617,01,2014-04-21,META,61.24000000
170617,01,2014-04-22,META,63.03010000
170617,01,2014-04-23,META,61.36000000
170617,01,2014-04-24,META,60.87000000
170617,01,2014-04-25,META,57.71000000
170617,01,2014-04-28,META,56.14000000
170617,01,2014-04-29,META,58.15000000
170617,01,2014-04-30,META,59.78000000
170617,01,2014-05-01,META,61.15000000
170617,01,2014-05-02,META,60.46000000
170617,01,2014-05-05,META,61.22000000
170617,01,2014-05-06,META,58.53000000
170617,01,2014-05-07,META,57.39000000
170617,01,2014-05-08,META,56.76000000
170617,01,2014-05-09,META,57.24000000
170617,01,2014-05-12,META,59.83000000
170617,01,2014-05-13,META,59.83000000
170617,01,2014-05-14,META,59.23000000
170617,01,2014-05-15,META,57.91900000
170617,01,2014-05-16,META,58.01990000
170617,01,2014-05-19,META,59.21000000
170617,01,2014-05-20,META,58.56000000
170617,01,2014-05-21,META,60.49000000
170617,01,2014-05-22,META,60.52000000
170617,01,2014-05-23,META,61.35100000
170617,01,2014-05-27,META,63.48000000
170617,01,2014-05-28,META,63.51000000
170617,01,2014-05-29,META,63.83000000
170617,01,2014-05-30,META,63.30000000
170617,01,2014-06-02,META,63.08000000
170617,01,2014-06-03,META,62.87000000
170617,01,2014-06-04,META,63.34000000
170617,01,2014-06-05,META,63.18600000
170617,01,2014-06-06,META,62.50000000
170617,01,2014-06-09,META,62.88000000
170617,01,2014-06-10,META,65.77000000
170617,01,2014-06-11,META,65.78100000
170617,01,2014-06-12,META,64.29010000
170617,01,2014-06-13,META,64.50000000
170617,01,2014-06-16,META,64.19000000
170617,01,2014-06-17,META,64.40000000
170617,01,2014-06-18,META,65.60000000
170617,01,2014-06-19,META,64.34150000
170617,01,2014-06-20,META,64.50000000
170617,01,2014-06-23,META,65.37000000
170617,01,2014-06-24,META,65.72000000
170617,01,2014-06-25,META,67.44000000
170617,01,2014-06-26,META,67.13000000
170617,01,2014-06-27,META,67.60000000
170617,01,2014-06-30,META,67.29000000
170617,01,2014-07-01,META,68.06000000
170617,01,2014-07-02,META,66.45000000
170617,01,2014-07-03,META,66.29000000
170617,01,2014-07-07,META,65.29000000
170617,01,2014-07-08,META,62.76000000
170617,01,2014-07-09,META,64.97000000
170617,01,2014-07-10,META,64.87250000
170617,01,2014-07-11,META,66.34000000
170617,01,2014-07-14,META,67.90000000
170617,01,2014-07-15,META,67.16500000
170617,01,2014-07-16,META,67.66000000
170617,01,2014-07-17,META,66.40990000
170617,01,2014-07-18,META,68.41990000
170617,01,2014-07-21,META,69.40000000
170617,01,2014-07-22,META,69.27000000
170617,01,2014-07-23,META,71.29000000
170617,01,2014-07-24,META,74.98000000
170617,01,2014-07-25,META,75.19000000
170617,01,2014-07-28,META,74.92000000
170617,01,2014-07-29,META,73.71000000
170617,01,2014-07-30,META,74.67700000
170617,01,2014-07-31,META,72.65000000
170617,01,2014-08-01,META,72.36000000
170617,01,2014-08-04,META,73.51000000
170617,01,2014-08-05,META,72.69000000
170617,01,2014-08-06,META,72.47000000
170617,01,2014-08-07,META,73.17000000
170617,01,2014-08-08,META,73.06000000
170617,01,2014-08-11,META,73.44000000
170617,01,2014-08-12,META,72.83000000
170617,01,2014-08-13,META,73.77000000
170617,01,2014-08-14,META,74.29600000
170617,01,2014-08-15,META,73.63000000
170617,01,2014-08-18,META,74.59000000
170617,01,2014-08-19,META,75.29000000
170617,01,2014-08-20,META,74.81000000
170617,01,2014-08-21,META,74.57000000
170617,01,2014-08-22,META,74.57000000
170617,01,2014-08-25,META,75.02000000
170617,01,2014-08-26,META,75.96010000
170617,01,2014-08-27,META,74.63000000
170617,01,2014-08-28,META,73.85500000
170617,01,2014-08-29,META,74.82000000
170617,01,2014-09-02,META,76.68000000
170617,01,2014-09-03,META,75.83000000
170617,01,2014-09-04,META,75.95000000
170617,01,2014-09-05,META,77.26000000
170617,01,2014-09-08,META,77.89000000
170617,01,2014-09-09,META,76.67000000
170617,01,2014-09-10,META,77.43000000
170617,01,2014-09-11,META,77.92000000
170617,01,2014-09-12,META,77.48000000
170617,01,2014-09-15,META,74.58000000
170617,01,2014-09-16,META,76.08000000
170617,01,2014-09-17,META,76.43000000
170617,01,2014-09-18,META,77.00000000
170617,01,2014-09-19,META,77.91000000
170617,01,2014-09-22,META,76.80000000
170617,01,2014-09-23,META,78.29000000
170617,01,2014-09-24,META,78.53500000
170617,01,2014-09-25,META,77.22000000
170617,01,2014-09-26,META,78.79000000
170617,01,2014-09-29,META,79.00000000
170617,01,2014-09-30,META,79.04000000
170617,01,2014-10-01,META,76.55000000
170617,01,2014-10-02,META,77.08000000
170617,01,2014-10-03,META,77.44000000
170617,01,2014-10-06,META,77.55500000
170617,01,2014-10-07,META,76.29000000
170617,01,2014-10-08,META,77.52000000
170617,01,2014-10-09,META,75.91000000
170617,01,2014-10-10,META,72.91000000
170617,01,2014-10-13,META,72.99000000
170617,01,2014-10-14,META,73.59000000
170617,01,2014-10-15,META,73.21000000
170617,01,2014-10-16,META,72.63000000
170617,01,2014-10-17,META,75.95000000
170617,01,2014-10-20,META,76.95000000
170617,01,2014-10-21,META,78.69000000
170617,01,2014-10-22,META,78.37000000
170617,01,2014-10-23,META,80.04000000
170617,01,2014-10-24,META,80.67000000
170617,01,2014-10-27,META,80.28000000
170617,01,2014-10-28,META,80.77000000
170617,01,2014-10-29,META,75.86000000
170617,01,2014-10-30,META,74.11000000
170617,01,2014-10-31,META,74.99000000
170617,01,2014-11-03,META,73.88000000
170617,01,2014-11-04,META,75.76000000
170617,01,2014-11-05,META,74.83000000
170617,01,2014-11-06,META,75.26000000
170617,01,2014-11-07,META,75.60000000
170617,01,2014-11-10,META,75.00000000
170617,01,2014-11-11,META,74.61000000
170617,01,2014-11-12,META,74.72000000
170617,01,2014-11-13,META,74.25000000
170617,01,2014-11-14,META,74.88000000
170617,01,2014-11-17,META,74.24000000
170617,01,2014-11-18,META,74.34000000
170617,01,2014-11-19,META,73.33000000
170617,01,2014-11-20,META,73.60000000
170617,01,2014-11-21,META,73.75000000
170617,01,2014-11-24,META,74.01000000
170617,01,2014-11-25,META,75.63000000
170617,01,2014-11-26,META,77.62000000
170617,01,2014-11-28,META,77.70000000
170617,01,2014-12-01,META,75.10000000
170617,01,2014-12-02,META,75.46000000
170617,01,2014-12-03,META,74.88000000
170617,01,2014-12-04,META,75.24000000
170617,01,2014-12-05,META,76.36000000
170617,01,2014-12-08,META,76.52000000
170617,01,2014-12-09,META,76.84000000
170617,01,2014-12-10,META,76.18000000
170617,01,2014-12-11,META,77.73000000
170617,01,2014-12-12,META,77.83000000
170617,01,2014-12-15,META,76.99000000
170617,01,2014-12-16,META,74.69000000
170617,01,2014-12-17,META,76.11000000
170617,01,2014-12-18,META,78.40000000
170617,01,2014-12-19,META,79.88000000
170617,01,2014-12-22,META,81.45000000
170617,01,2014-12-23,META,80.61000000
170617,01,2014-12-24,META,80.77000000
170617,01,2014-12-26,META,80.77500000
170617,01,2014-12-29,META,80.02000000
170617,01,2014-12-30,META,79.22000000
170617,01,2014-12-31,META,78.02000000
170617,01,2015-01-02,META,78.45000000
170617,01,2015-01-05,META,77.19000000
170617,01,2015-01-06,META,76.15000000
170617,01,2015-01-07,META,76.15000000
170617,01,2015-01-08,META,78.17500000
170617,01,2015-01-09,META,77.74000000
170617,01,2015-01-12,META,76.72000000
170617,01,2015-01-13,META,76.45000000
170617,01,2015-01-14,META,76.28000000
170617,01,2015-01-15,META,74.05000000
170617,01,2015-01-16,META,75.18000000
170617,01,2015-01-20,META,76.24000000
170617,01,2015-01-21,META,76.74000000
170617,01,2015-01-22,META,77.65000000
170617,01,2015-01-23,META,77.83000000
170617,01,2015-01-26,META,77.49500000
170617,01,2015-01-27,META,75.78000000
170617,01,2015-01-28,META,76.24000000
170617,01,2015-01-29,META,78.00000000
170617,01,2015-01-30,META,75.91000000
170617,01,2015-02-02,META,74.99000000
170617,01,2015-02-03,META,75.40000000
170617,01,2015-02-04,META,75.63000000
170617,01,2015-02-05,META,75.61500000
170617,01,2015-02-06,META,74.47000000
170617,01,2015-02-09,META,74.44000000
170617,01,2015-02-10,META,75.19000000
170617,01,2015-02-11,META,76.51000000
170617,01,2015-02-12,META,76.23000000
170617,01,2015-02-13,META,75.74000000
170617,01,2015-02-17,META,75.60000000
170617,01,2015-02-18,META,76.71000000
170617,01,2015-02-19,META,79.42000000
170617,01,2015-02-20,META,79.89500000
170617,01,2015-02-23,META,78.84000000
170617,01,2015-02-24,META,78.45000000
170617,01,2015-02-25,META,79.56000000
170617,01,2015-02-26,META,80.41000000
170617,01,2015-02-27,META,78.97000000
170617,01,2015-03-02,META,79.75000000
170617,01,2015-03-03,META,79.60000000
170617,01,2015-03-04,META,80.89500000
170617,01,2015-03-05,META,81.21000000
170617,01,2015-03-06,META,80.00500000
170617,01,2015-03-09,META,79.44000000
170617,01,2015-03-10,META,77.55000000
170617,01,2015-03-11,META,77.57000000
170617,01,2015-03-12,META,78.93000000
170617,01,2015-03-13,META,78.05000000
170617,01,2015-03-16,META,78.07000000
170617,01,2015-03-17,META,79.36500000
170617,01,2015-03-18,META,80.91000000
170617,01,2015-03-19,META,82.75000000
170617,01,2015-03-20,META,83.80000000
170617,01,2015-03-23,META,84.43000000
170617,01,2015-03-24,META,85.31000000
170617,01,2015-03-25,META,82.92000000
170617,01,2015-03-26,META,83.01000000
170617,01,2015-03-27,META,83.30000000
170617,01,2015-03-30,META,83.19500000
170617,01,2015-03-31,META,82.21500000
170617,01,2015-04-01,META,81.66500000
170617,01,2015-04-02,META,81.55500000
170617,01,2015-04-06,META,82.44000000
170617,01,2015-04-07,META,82.32000000
170617,01,2015-04-08,META,82.27500000
170617,01,2015-04-09,META,82.17000000
170617,01,2015-04-10,META,82.04000000
170617,01,2015-04-13,META,83.01000000
170617,01,2015-04-14,META,83.51500000
170617,01,2015-04-15,META,82.70500000
170617,01,2015-04-16,META,82.31000000
170617,01,2015-04-17,META,80.77500000
170617,01,2015-04-20,META,83.09000000
170617,01,2015-04-21,META,83.62000000
170617,01,2015-04-22,META,84.63000000
170617,01,2015-04-23,META,82.41000000
170617,01,2015-04-24,META,81.53000000
170617,01,2015-04-27,META,81.91000000
170617,01,2015-04-28,META,80.68000000
170617,01,2015-04-29,META,80.46500000
170617,01,2015-04-30,META,78.77000000
170617,01,2015-05-01,META,78.99000000
170617,01,2015-05-04,META,78.81000000
170617,01,2015-05-05,META,77.56000000
170617,01,2015-05-06,META,78.10000000
170617,01,2015-05-07,META,78.42500000
170617,01,2015-05-08,META,78.51000000
170617,01,2015-05-11,META,78.01000000
170617,01,2015-05-12,META,77.46000000
170617,01,2015-05-13,META,78.44000000
170617,01,2015-05-14,META,81.37000000
170617,01,2015-05-15,META,80.42000000
170617,01,2015-05-18,META,80.88000000
170617,01,2015-05-19,META,80.63000000
170617,01,2015-05-20,META,80.55000000
170617,01,2015-05-21,META,80.48000000
170617,01,2015-05-22,META,80.54000000
170617,01,2015-05-26,META,79.33500000
170617,01,2015-05-27,META,80.55000000
170617,01,2015-05-28,META,80.14500000
170617,01,2015-05-29,META,79.19000000
170617,01,2015-06-01,META,80.29000000
170617,01,2015-06-02,META,80.44500000
170617,01,2015-06-03,META,82.44000000
170617,01,2015-06-04,META,82.05000000
170617,01,2015-06-05,META,82.14000000
170617,01,2015-06-08,META,80.67000000
170617,01,2015-06-09,META,80.67000000
170617,01,2015-06-10,META,82.16000000
170617,01,2015-06-11,META,81.83000000
170617,01,2015-06-12,META,81.53000000
170617,01,2015-06-15,META,80.71000000
170617,01,2015-06-16,META,81.06000000
170617,01,2015-06-17,META,81.79000000
170617,01,2015-06-18,META,82.90500000
170617,01,2015-06-19,META,82.51000000
170617,01,2015-06-22,META,84.74000000
170617,01,2015-06-23,META,87.88000000
170617,01,2015-06-24,META,88.86000000
170617,01,2015-06-25,META,87.98000000
170617,01,2015-06-26,META,88.01000000
170617,01,2015-06-29,META,85.80000000
170617,01,2015-06-30,META,85.76500000
170617,01,2015-07-01,META,86.91000000
170617,01,2015-07-02,META,87.28500000
170617,01,2015-07-06,META,87.55000000
170617,01,2015-07-07,META,87.22000000
170617,01,2015-07-08,META,85.65000000
170617,01,2015-07-09,META,85.88000000
170617,01,2015-07-10,META,87.95000000
170617,01,2015-07-13,META,90.10000000
170617,01,2015-07-14,META,89.68000000
170617,01,2015-07-15,META,89.76000000
170617,01,2015-07-16,META,90.85000000
170617,01,2015-07-17,META,94.97000000
170617,01,2015-07-20,META,97.91000000
170617,01,2015-07-21,META,98.39000000
170617,01,2015-07-22,META,97.04000000
170617,01,2015-07-23,META,95.44000000
170617,01,2015-07-24,META,96.95000000
170617,01,2015-07-27,META,94.17000000
170617,01,2015-07-28,META,95.29000000
170617,01,2015-07-29,META,96.99000000
170617,01,2015-07-30,META,95.21000000
170617,01,2015-07-31,META,94.01000000
170617,01,2015-08-03,META,94.14000000
170617,01,2015-08-04,META,94.06000000
170617,01,2015-08-05,META,96.44000000
170617,01,2015-08-06,META,95.12000000
170617,01,2015-08-07,META,94.30000000
170617,01,2015-08-10,META,94.15000000
170617,01,2015-08-11,META,93.62000000
170617,01,2015-08-12,META,94.19000000
170617,01,2015-08-13,META,93.43000000
170617,01,2015-08-14,META,94.42000000
170617,01,2015-08-17,META,93.93000000
170617,01,2015-08-18,META,95.17000000
170617,01,2015-08-19,META,95.31000000
170617,01,2015-08-20,META,90.56000000
170617,01,2015-08-21,META,86.06000000
170617,01,2015-08-24,META,82.09000000
170617,01,2015-08-25,META,83.00000000
170617,01,2015-08-26,META,87.19000000
170617,01,2015-08-27,META,89.73000000
170617,01,2015-08-28,META,91.01000000
170617,01,2015-08-31,META,89.43000000
170617,01,2015-09-01,META,87.23000000
170617,01,2015-09-02,META,89.89000000
170617,01,2015-09-03,META,88.15000000
170617,01,2015-09-04,META,88.26000000
170617,01,2015-09-08,META,89.53000000
170617,01,2015-09-09,META,90.44000000
170617,01,2015-09-10,META,91.98000000
170617,01,2015-09-11,META,92.05000000
170617,01,2015-09-14,META,92.31000000
170617,01,2015-09-15,META,92.90000000
170617,01,2015-09-16,META,93.45000000
170617,01,2015-09-17,META,94.34000000
170617,01,2015-09-18,META,94.40000000
170617,01,2015-09-21,META,95.55000000
170617,01,2015-09-22,META,92.96000000
170617,01,2015-09-23,META,93.97000000
170617,01,2015-09-24,META,94.41000000
170617,01,2015-09-25,META,92.77000000
170617,01,2015-09-28,META,89.21000000
170617,01,2015-09-29,META,86.67000000
170617,01,2015-09-30,META,89.90000000
170617,01,2015-10-01,META,90.95000000
170617,01,2015-10-02,META,92.07000000
170617,01,2015-10-05,META,94.01000000
170617,01,2015-10-06,META,92.80000000
170617,01,2015-10-07,META,92.40000000
170617,01,2015-10-08,META,92.47000000
170617,01,2015-10-09,META,93.24000000
170617,01,2015-10-12,META,94.26000000
170617,01,2015-10-13,META,94.12000000
170617,01,2015-10-14,META,94.07000000
170617,01,2015-10-15,META,95.96000000
170617,01,2015-10-16,META,97.54000000
170617,01,2015-10-19,META,98.47000000
170617,01,2015-10-20,META,97.00000000
170617,01,2015-10-21,META,97.11000000
170617,01,2015-10-22,META,99.67000000
170617,01,2015-10-23,META,102.19000000
170617,01,2015-10-26,META,103.77000000
170617,01,2015-10-27,META,103.70000000
170617,01,2015-10-28,META,104.20000000
170617,01,2015-10-29,META,104.88000000
170617,01,2015-10-30,META,101.97000000
170617,01,2015-11-02,META,103.31000000
170617,01,2015-11-03,META,102.58000000
170617,01,2015-11-04,META,103.94000000
170617,01,2015-11-05,META,108.76000000
170617,01,2015-11-06,META,107.09500000
170617,01,2015-11-09,META,106.49000000
170617,01,2015-11-10,META,107.91000000
170617,01,2015-11-11,META,109.01000000
170617,01,2015-11-12,META,108.02000000
170617,01,2015-11-13,META,103.95000000
170617,01,2015-11-16,META,104.04000000
170617,01,2015-11-17,META,105.13000000
170617,01,2015-11-18,META,107.77000000
170617,01,2015-11-19,META,106.26000000
170617,01,2015-11-20,META,107.32000000
170617,01,2015-11-23,META,106.95000000
170617,01,2015-11-24,META,105.74000000
170617,01,2015-11-25,META,105.41000000
170617,01,2015-11-27,META,105.45000000
170617,01,2015-11-30,META,104.24000000
170617,01,2015-12-01,META,107.12000000
170617,01,2015-12-02,META,106.07000000
170617,01,2015-12-03,META,104.38000000
170617,01,2015-12-04,META,106.18000000
170617,01,2015-12-07,META,105.61000000
170617,01,2015-12-08,META,106.49000000
170617,01,2015-12-09,META,104.60000000
170617,01,2015-12-10,META,105.42000000
170617,01,2015-12-11,META,102.12000000
170617,01,2015-12-14,META,104.66000000
170617,01,2015-12-15,META,104.55000000
170617,01,2015-12-16,META,106.79000000
170617,01,2015-12-17,META,106.22000000
170617,01,2015-12-18,META,104.04000000
170617,01,2015-12-21,META,104.77000000
170617,01,2015-12-22,META,105.51000000
170617,01,2015-12-23,META,104.63000000
170617,01,2015-12-24,META,105.02000000
170617,01,2015-12-28,META,105.93000000
170617,01,2015-12-29,META,107.26000000
170617,01,2015-12-30,META,106.22000000
170617,01,2015-12-31,META,104.66000000
170617,01,2016-01-04,META,102.22000000
170617,01,2016-01-05,META,102.73000000
170617,01,2016-01-06,META,102.97000000
170617,01,2016-01-07,META,97.92000000
170617,01,2016-01-08,META,97.33000000
170617,01,2016-01-11,META,97.51000000
170617,01,2016-01-12,META,99.37000000
170617,01,2016-01-13,META,95.44000000
170617,01,2016-01-14,META,98.37000000
170617,01,2016-01-15,META,94.97000000
170617,01,2016-01-19,META,95.26000000
170617,01,2016-01-20,META,94.35000000
170617,01,2016-01-21,META,94.16000000
170617,01,2016-01-22,META,97.94000000
170617,01,2016-01-25,META,97.01000000
170617,01,2016-01-26,META,97.34000000
170617,01,2016-01-27,META,94.45000000
170617,01,2016-01-28,META,109.11000000
170617,01,2016-01-29,META,112.21000000
170617,01,2016-02-01,META,115.09000000
170617,01,2016-02-02,META,114.61000000
170617,01,2016-02-03,META,112.69000000
170617,01,2016-02-04,META,110.49000000
170617,01,2016-02-05,META,104.07000000
170617,01,2016-02-08,META,99.75000000
170617,01,2016-02-09,META,99.54000000
170617,01,2016-02-10,META,101.00000000
170617,01,2016-02-11,META,101.91000000
170617,01,2016-02-12,META,102.01000000
170617,01,2016-02-16,META,101.61000000
170617,01,2016-02-17,META,105.20000000
170617,01,2016-02-18,META,103.47000000
170617,01,2016-02-19,META,104.57000000
170617,01,2016-02-22,META,107.16000000
170617,01,2016-02-23,META,105.46000000
170617,01,2016-02-24,META,106.88000000
170617,01,2016-02-25,META,108.07000000
170617,01,2016-02-26,META,107.92000000
170617,01,2016-02-29,META,106.92000000
170617,01,2016-03-01,META,109.82000000
170617,01,2016-03-02,META,109.95000000
170617,01,2016-03-03,META,109.58000000
170617,01,2016-03-04,META,108.39000000
170617,01,2016-03-07,META,105.73000000
170617,01,2016-03-08,META,105.93000000
170617,01,2016-03-09,META,107.51000000
170617,01,2016-03-10,META,107.32000000
170617,01,2016-03-11,META,109.41000000
170617,01,2016-03-14,META,109.89000000
170617,01,2016-03-15,META,110.67000000
170617,01,2016-03-16,META,112.18000000
170617,01,2016-03-17,META,111.02000000
170617,01,2016-03-18,META,111.45000000
170617,01,2016-03-21,META,111.85000000
170617,01,2016-03-22,META,112.25000000
170617,01,2016-03-23,META,112.54000000
170617,01,2016-03-24,META,113.05000000
170617,01,2016-03-28,META,113.69000000
170617,01,2016-03-29,META,116.14000000
170617,01,2016-03-30,META,114.70000000
170617,01,2016-03-31,META,114.10000000
170617,01,2016-04-01,META,116.06000000
170617,01,2016-04-04,META,112.55000000
170617,01,2016-04-05,META,112.22000000
170617,01,2016-04-06,META,113.71000000
170617,01,2016-04-07,META,113.64000000
170617,01,2016-04-08,META,110.63000000
170617,01,2016-04-11,META,108.99000000
170617,01,2016-04-12,META,110.61000000
170617,01,2016-04-13,META,110.51000000
170617,01,2016-04-14,META,110.84000000
170617,01,2016-04-15,META,109.64000000
170617,01,2016-04-18,META,110.45000000
170617,01,2016-04-19,META,112.29000000
170617,01,2016-04-20,META,112.42000000
170617,01,2016-04-21,META,113.44000000
170617,01,2016-04-22,META,110.56000000
170617,01,2016-04-25,META,110.10000000
170617,01,2016-04-26,META,108.76000000
170617,01,2016-04-27,META,108.89000000
170617,01,2016-04-28,META,116.73000000
170617,01,2016-04-29,META,117.58000000
170617,01,2016-05-02,META,118.57000000
170617,01,2016-05-03,META,117.43000000
170617,01,2016-05-04,META,118.06000000
170617,01,2016-05-05,META,117.81000000
170617,01,2016-05-06,META,119.49000000
170617,01,2016-05-09,META,119.24000000
170617,01,2016-05-10,META,120.50000000
170617,01,2016-05-11,META,119.52000000
170617,01,2016-05-12,META,120.28000000
170617,01,2016-05-13,META,119.81000000
170617,01,2016-05-16,META,118.67000000
170617,01,2016-05-17,META,117.35000000
170617,01,2016-05-18,META,117.65000000
170617,01,2016-05-19,META,116.81000000
170617,01,2016-05-20,META,117.35000000
170617,01,2016-05-23,META,115.97000000
170617,01,2016-05-24,META,117.70000000
170617,01,2016-05-25,META,117.89000000
170617,01,2016-05-26,META,119.47000000
170617,01,2016-05-27,META,119.38000000
170617,01,2016-05-31,META,118.81000000
170617,01,2016-06-01,META,118.78000000
170617,01,2016-06-02,META,118.93000000
170617,01,2016-06-03,META,118.47000000
170617,01,2016-06-06,META,118.79000000
170617,01,2016-06-07,META,117.76000000
170617,01,2016-06-08,META,118.39000000
170617,01,2016-06-09,META,118.56000000
170617,01,2016-06-10,META,116.62000000
170617,01,2016-06-13,META,113.95000000
170617,01,2016-06-14,META,114.94000000
170617,01,2016-06-15,META,114.60000000
170617,01,2016-06-16,META,114.39000000
170617,01,2016-06-17,META,113.02000000
170617,01,2016-06-20,META,113.37000000
170617,01,2016-06-21,META,114.38000000
170617,01,2016-06-22,META,113.91000000
170617,01,2016-06-23,META,115.08000000
170617,01,2016-06-24,META,112.08000000
170617,01,2016-06-27,META,108.97000000
170617,01,2016-06-28,META,112.70000000
170617,01,2016-06-29,META,114.16000000
170617,01,2016-06-30,META,114.28000000
170617,01,2016-07-01,META,114.19000000
170617,01,2016-07-05,META,114.00000000
170617,01,2016-07-06,META,116.70000000
170617,01,2016-07-07,META,115.85000000
170617,01,2016-07-08,META,117.24000000
170617,01,2016-07-11,META,117.87000000
170617,01,2016-07-12,META,117.93000000
170617,01,2016-07-13,META,116.78000000
170617,01,2016-07-14,META,117.29000000
170617,01,2016-07-15,META,116.86000000
170617,01,2016-07-18,META,119.37000000
170617,01,2016-07-19,META,120.61000000
170617,01,2016-07-20,META,121.92000000
170617,01,2016-07-21,META,120.61000000
170617,01,2016-07-22,META,121.00000000
170617,01,2016-07-25,META,121.63000000
170617,01,2016-07-26,META,121.22000000
170617,01,2016-07-27,META,123.34000000
170617,01,2016-07-28,META,125.00000000
170617,01,2016-07-29,META,123.94000000
170617,01,2016-08-01,META,124.31000000
170617,01,2016-08-02,META,123.09000000
170617,01,2016-08-03,META,122.51000000
170617,01,2016-08-04,META,124.36000000
170617,01,2016-08-05,META,125.15000000
170617,01,2016-08-08,META,125.26000000
170617,01,2016-08-09,META,125.06000000
170617,01,2016-08-10,META,124.88000000
170617,01,2016-08-11,META,124.90000000
170617,01,2016-08-12,META,124.88000000
170617,01,2016-08-15,META,123.90000000
170617,01,2016-08-16,META,123.30000000
170617,01,2016-08-17,META,124.37000000
170617,01,2016-08-18,META,123.91000000
170617,01,2016-08-19,META,123.56000000
170617,01,2016-08-22,META,124.15000000
170617,01,2016-08-23,META,124.37000000
170617,01,2016-08-24,META,123.48000000
170617,01,2016-08-25,META,123.89000000
170617,01,2016-08-26,META,124.96000000
170617,01,2016-08-29,META,126.54000000
170617,01,2016-08-30,META,125.84000000
170617,01,2016-08-31,META,126.12000000
170617,01,2016-09-01,META,126.17000000
170617,01,2016-09-02,META,126.51000000
170617,01,2016-09-06,META,129.73000000
170617,01,2016-09-07,META,131.05000000
170617,01,2016-09-08,META,130.27000000
170617,01,2016-09-09,META,127.10000000
170617,01,2016-09-12,META,128.69000000
170617,01,2016-09-13,META,127.21000000
170617,01,2016-09-14,META,127.77000000
170617,01,2016-09-15,META,128.35000000
170617,01,2016-09-16,META,129.07000000
170617,01,2016-09-19,META,128.65000000
170617,01,2016-09-20,META,128.64000000
170617,01,2016-09-21,META,129.94000000
170617,01,2016-09-22,META,130.08000000
170617,01,2016-09-23,META,127.96000000
170617,01,2016-09-26,META,127.31000000
170617,01,2016-09-27,META,128.69000000
170617,01,2016-09-28,META,129.23000000
170617,01,2016-09-29,META,128.09000000
170617,01,2016-09-30,META,128.27000000
170617,01,2016-10-03,META,128.77000000
170617,01,2016-10-04,META,128.19000000
170617,01,2016-10-05,META,128.47000000
170617,01,2016-10-06,META,128.74000000
170617,01,2016-10-07,META,128.99000000
170617,01,2016-10-10,META,130.24000000
170617,01,2016-10-11,META,128.88000000
170617,01,2016-10-12,META,129.05000000
170617,01,2016-10-13,META,127.82000000
170617,01,2016-10-14,META,127.88000000
170617,01,2016-10-17,META,127.54000000
170617,01,2016-10-18,META,128.57000000
170617,01,2016-10-19,META,130.11000000
170617,01,2016-10-20,META,130.00000000
170617,01,2016-10-21,META,132.07000000
170617,01,2016-10-24,META,133.28000000
170617,01,2016-10-25,META,132.29000000
170617,01,2016-10-26,META,131.04000000
170617,01,2016-10-27,META,129.69000000
170617,01,2016-10-28,META,131.29000000
170617,01,2016-10-31,META,130.99000000
170617,01,2016-11-01,META,129.50000000
170617,01,2016-11-02,META,127.17000000
170617,01,2016-11-03,META,120.00000000
170617,01,2016-11-04,META,120.75000000
170617,01,2016-11-07,META,122.15000000
170617,01,2016-11-08,META,124.22000000
170617,01,2016-11-09,META,123.18000000
170617,01,2016-11-10,META,120.80000000
170617,01,2016-11-11,META,119.02000000
170617,01,2016-11-14,META,115.08000000
170617,01,2016-11-15,META,117.20000000
170617,01,2016-11-16,META,116.34000000
170617,01,2016-11-17,META,117.79000000
170617,01,2016-11-18,META,117.02000000
170617,01,2016-11-21,META,121.77000000
170617,01,2016-11-22,META,121.47000000
170617,01,2016-11-23,META,120.84000000
170617,01,2016-11-25,META,120.38000000
170617,01,2016-11-28,META,120.41000000
170617,01,2016-11-29,META,120.87000000
170617,01,2016-11-30,META,118.42000000
170617,01,2016-12-01,META,115.10000000
170617,01,2016-12-02,META,115.40000000
170617,01,2016-12-05,META,117.43000000
170617,01,2016-12-06,META,117.31000000
170617,01,2016-12-07,META,117.95000000
170617,01,2016-12-08,META,118.91000000
170617,01,2016-12-09,META,119.68000000
170617,01,2016-12-12,META,117.77000000
170617,01,2016-12-13,META,120.31000000
170617,01,2016-12-14,META,120.21000000
170617,01,2016-12-15,META,120.57000000
170617,01,2016-12-16,META,119.87000000
170617,01,2016-12-19,META,119.24000000
170617,01,2016-12-20,META,119.09000000
170617,01,2016-12-21,META,119.04000000
170617,01,2016-12-22,META,117.40000000
170617,01,2016-12-23,META,117.27000000
170617,01,2016-12-27,META,118.01000000
170617,01,2016-12-28,META,116.92000000
170617,01,2016-12-29,META,116.35000000
170617,01,2016-12-30,META,115.05000000
170617,01,2017-01-03,META,116.86000000
170617,01,2017-01-04,META,118.69000000
170617,01,2017-01-05,META,120.67000000
170617,01,2017-01-06,META,123.41000000
170617,01,2017-01-09,META,124.90000000
170617,01,2017-01-10,META,124.35000000
170617,01,2017-01-11,META,126.09000000
170617,01,2017-01-12,META,126.62000000
170617,01,2017-01-13,META,128.34000000
170617,01,2017-01-17,META,127.87000000
170617,01,2017-01-18,META,127.92000000
170617,01,2017-01-19,META,127.55000000
170617,01,2017-01-20,META,127.04000000
170617,01,2017-01-23,META,128.93000000
170617,01,2017-01-24,META,129.37000000
170617,01,2017-01-25,META,131.48000000
170617,01,2017-01-26,META,132.78000000
170617,01,2017-01-27,META,132.18000000
170617,01,2017-01-30,META,130.98000000
170617,01,2017-01-31,META,130.32000000
170617,01,2017-02-01,META,133.23000000
170617,01,2017-02-02,META,130.84000000
170617,01,2017-02-03,META,130.98000000
170617,01,2017-02-06,META,132.06000000
170617,01,2017-02-07,META,131.84000000
170617,01,2017-02-08,META,134.20000000
170617,01,2017-02-09,META,134.14000000
170617,01,2017-02-10,META,134.19000000
170617,01,2017-02-13,META,134.05000000
170617,01,2017-02-14,META,133.85000000
170617,01,2017-02-15,META,133.44000000
170617,01,2017-02-16,META,133.84000000
170617,01,2017-02-17,META,133.53000000
170617,01,2017-02-21,META,133.72000000
170617,01,2017-02-22,META,136.12000000
170617,01,2017-02-23,META,135.36000000
170617,01,2017-02-24,META,135.44000000
170617,01,2017-02-27,META,136.41000000
170617,01,2017-02-28,META,135.54000000
170617,01,2017-03-01,META,137.42000000
170617,01,2017-03-02,META,136.76000000
170617,01,2017-03-03,META,137.17000000
170617,01,2017-03-06,META,137.42000000
170617,01,2017-03-07,META,137.30000000
170617,01,2017-03-08,META,137.72000000
170617,01,2017-03-09,META,138.24000000
170617,01,2017-03-10,META,138.79000000
170617,01,2017-03-13,META,139.60000000
170617,01,2017-03-14,META,139.32000000
170617,01,2017-03-15,META,139.72000000
170617,01,2017-03-16,META,139.99000000
170617,01,2017-03-17,META,139.84000000
170617,01,2017-03-20,META,139.94000000
170617,01,2017-03-21,META,138.51000000
170617,01,2017-03-22,META,139.59000000
170617,01,2017-03-23,META,139.53000000
170617,01,2017-03-24,META,140.34000000
170617,01,2017-03-27,META,140.32000000
170617,01,2017-03-28,META,141.76000000
170617,01,2017-03-29,META,142.65000000
170617,01,2017-03-30,META,142.41000000
170617,01,2017-03-31,META,142.05000000
170617,01,2017-04-03,META,142.28000000
170617,01,2017-04-04,META,141.73000000
170617,01,2017-04-05,META,141.85000000
170617,01,2017-04-06,META,141.17000000
170617,01,2017-04-07,META,140.78000000
170617,01,2017-04-10,META,141.04000000
170617,01,2017-04-11,META,139.92000000
170617,01,2017-04-12,META,139.58000000
170617,01,2017-04-13,META,139.39000000
170617,01,2017-04-17,META,141.42000000
170617,01,2017-04-18,META,140.96000000
170617,01,2017-04-19,META,142.27000000
170617,01,2017-04-20,META,143.80000000
170617,01,2017-04-21,META,143.68000000
170617,01,2017-04-24,META,145.47000000
170617,01,2017-04-25,META,146.49000000
170617,01,2017-04-26,META,146.56000000
170617,01,2017-04-27,META,147.70000000
170617,01,2017-04-28,META,150.25000000
170617,01,2017-05-01,META,152.46000000
170617,01,2017-05-02,META,152.78000000
170617,01,2017-05-03,META,151.80000000
170617,01,2017-05-04,META,150.85000000
170617,01,2017-05-05,META,150.24000000
170617,01,2017-05-08,META,151.06000000
170617,01,2017-05-09,META,150.48000000
170617,01,2017-05-10,META,150.29000000
170617,01,2017-05-11,META,150.04000000
170617,01,2017-05-12,META,150.33000000
170617,01,2017-05-15,META,150.19000000
170617,01,2017-05-16,META,149.78000000
170617,01,2017-05-17,META,144.85000000
170617,01,2017-05-18,META,147.66000000
170617,01,2017-05-19,META,148.06000000
170617,01,2017-05-22,META,148.24000000
170617,01,2017-05-23,META,148.07000000
170617,01,2017-05-24,META,150.04000000
170617,01,2017-05-25,META,151.96000000
170617,01,2017-05-26,META,152.13000000
170617,01,2017-05-30,META,152.38000000
170617,01,2017-05-31,META,151.46000000
170617,01,2017-06-01,META,151.53000000
170617,01,2017-06-02,META,153.61000000
170617,01,2017-06-05,META,153.63000000
170617,01,2017-06-06,META,152.81000000
170617,01,2017-06-07,META,153.12000000
170617,01,2017-06-08,META,154.71000000
170617,01,2017-06-09,META,149.60000000
170617,01,2017-06-12,META,148.44000000
170617,01,2017-06-13,META,150.68000000
170617,01,2017-06-14,META,150.25000000
170617,01,2017-06-15,META,149.80000000
170617,01,2017-06-16,META,150.64000000
170617,01,2017-06-19,META,152.87000000
170617,01,2017-06-20,META,152.25000000
170617,01,2017-06-21,META,153.91000000
170617,01,2017-06-22,META,153.40000000
170617,01,2017-06-23,META,155.07000000
170617,01,2017-06-26,META,153.59000000
170617,01,2017-06-27,META,150.58000000
170617,01,2017-06-28,META,153.24000000
170617,01,2017-06-29,META,151.04000000
170617,01,2017-06-30,META,150.98000000
170617,01,2017-07-03,META,148.43000000
170617,01,2017-07-05,META,150.34000000
170617,01,2017-07-06,META,148.82000000
170617,01,2017-07-07,META,151.44000000
170617,01,2017-07-10,META,153.50000000
170617,01,2017-07-11,META,155.27000000
170617,01,2017-07-12,META,158.90000000
170617,01,2017-07-13,META,159.26000000
170617,01,2017-07-14,META,159.97000000
170617,01,2017-07-17,META,159.73000000
170617,01,2017-07-18,META,162.86000000
170617,01,2017-07-19,META,164.14000000
170617,01,2017-07-20,META,164.53000000
170617,01,2017-07-21,META,164.43000000
170617,01,2017-07-24,META,166.00000000
170617,01,2017-07-25,META,165.28000000
170617,01,2017-07-26,META,165.61000000
170617,01,2017-07-27,META,170.44000000
170617,01,2017-07-28,META,172.45000000
170617,01,2017-07-31,META,169.25000000
170617,01,2017-08-01,META,169.86000000
170617,01,2017-08-02,META,169.30000000
170617,01,2017-08-03,META,168.59000000
170617,01,2017-08-04,META,169.62000000
170617,01,2017-08-07,META,171.98000000
170617,01,2017-08-08,META,171.23000000
170617,01,2017-08-09,META,171.18000000
170617,01,2017-08-10,META,167.40000000
170617,01,2017-08-11,META,168.08000000
170617,01,2017-08-14,META,170.75000000
170617,01,2017-08-15,META,171.00000000
170617,01,2017-08-16,META,170.00000000
170617,01,2017-08-17,META,166.91000000
170617,01,2017-08-18,META,167.41000000
170617,01,2017-08-21,META,167.78000000
170617,01,2017-08-22,META,169.64000000
170617,01,2017-08-23,META,168.71000000
170617,01,2017-08-24,META,167.74000000
170617,01,2017-08-25,META,166.32000000
170617,01,2017-08-28,META,167.24000000
170617,01,2017-08-29,META,168.05000000
170617,01,2017-08-30,META,169.92000000
170617,01,2017-08-31,META,171.97000000
170617,01,2017-09-01,META,172.02000000
170617,01,2017-09-05,META,170.72000000
170617,01,2017-09-06,META,172.09000000
170617,01,2017-09-07,META,173.21000000
170617,01,2017-09-08,META,170.95000000
170617,01,2017-09-11,META,173.51000000
170617,01,2017-09-12,META,172.96000000
170617,01,2017-09-13,META,173.05000000
170617,01,2017-09-14,META,170.96000000
170617,01,2017-09-15,META,171.64000000
170617,01,2017-09-18,META,170.01000000
170617,01,2017-09-19,META,172.52000000
170617,01,2017-09-20,META,172.17000000
170617,01,2017-09-21,META,171.11000000
170617,01,2017-09-22,META,170.54000000
170617,01,2017-09-25,META,162.87000000
170617,01,2017-09-26,META,164.21000000
170617,01,2017-09-27,META,167.68000000
170617,01,2017-09-28,META,168.73000000
170617,01,2017-09-29,META,170.87000000
170617,01,2017-10-02,META,169.47000000
170617,01,2017-10-03,META,169.96000000
170617,01,2017-10-04,META,168.42000000
170617,01,2017-10-05,META,171.24000000
170617,01,2017-10-06,META,172.23000000
170617,01,2017-10-09,META,172.50000000
170617,01,2017-10-10,META,171.59000000
170617,01,2017-10-11,META,172.74000000
170617,01,2017-10-12,META,172.55000000
170617,01,2017-10-13,META,173.74000000
170617,01,2017-10-16,META,174.52000000
170617,01,2017-10-17,META,176.11000000
170617,01,2017-10-18,META,176.03000000
170617,01,2017-10-19,META,174.56000000
170617,01,2017-10-20,META,174.98000000
170617,01,2017-10-23,META,171.27000000
170617,01,2017-10-24,META,171.80000000
170617,01,2017-10-25,META,170.60000000
170617,01,2017-10-26,META,170.63000000
170617,01,2017-10-27,META,177.88000000
170617,01,2017-10-30,META,179.87000000
170617,01,2017-10-31,META,180.06000000
170617,01,2017-11-01,META,182.66000000
170617,01,2017-11-02,META,178.92000000
170617,01,2017-11-03,META,178.92000000
170617,01,2017-11-06,META,180.17000000
170617,01,2017-11-07,META,180.25000000
170617,01,2017-11-08,META,179.56000000
170617,01,2017-11-09,META,179.30000000
170617,01,2017-11-10,META,178.46000000
170617,01,2017-11-13,META,178.77000000
170617,01,2017-11-14,META,178.07000000
170617,01,2017-11-15,META,177.95000000
170617,01,2017-11-16,META,179.59000000
170617,01,2017-11-17,META,179.00000000
170617,01,2017-11-20,META,178.74000000
170617,01,2017-11-21,META,181.86000000
170617,01,2017-11-22,META,180.87000000
170617,01,2017-11-24,META,182.78000000
170617,01,2017-11-27,META,183.03000000
170617,01,2017-11-28,META,182.42000000
170617,01,2017-11-29,META,175.13000000
170617,01,2017-11-30,META,177.18000000
170617,01,2017-12-01,META,175.10000000
170617,01,2017-12-04,META,171.47000000
170617,01,2017-12-05,META,172.83000000
170617,01,2017-12-06,META,176.06000000
170617,01,2017-12-07,META,180.14000000
170617,01,2017-12-08,META,179.00000000
170617,01,2017-12-11,META,179.04000000
170617,01,2017-12-12,META,176.96000000
170617,01,2017-12-13,META,178.30000000
170617,01,2017-12-14,META,178.39000000
170617,01,2017-12-15,META,180.18000000
170617,01,2017-12-18,META,180.82000000
170617,01,2017-12-19,META,179.51000000
170617,01,2017-12-20,META,177.89000000
170617,01,2017-12-21,META,177.45000000
170617,01,2017-12-22,META,177.20000000
170617,01,2017-12-26,META,175.99000000
170617,01,2017-12-27,META,177.62000000
170617,01,2017-12-28,META,177.92000000
170617,01,2017-12-29,META,176.46000000
170617,01,2018-01-02,META,181.42000000
170617,01,2018-01-03,META,184.67000000
170617,01,2018-01-04,META,184.33000000
170617,01,2018-01-05,META,186.85000000
170617,01,2018-01-08,META,188.28000000
170617,01,2018-01-09,META,187.87000000
170617,01,2018-01-10,META,187.84000000
170617,01,2018-01-11,META,187.77000000
170617,01,2018-01-12,META,179.37000000
170617,01,2018-01-16,META,178.39000000
170617,01,2018-01-17,META,177.60000000
170617,01,2018-01-18,META,179.80000000
170617,01,2018-01-19,META,181.29000000
170617,01,2018-01-22,META,185.37000000
170617,01,2018-01-23,META,189.35000000
170617,01,2018-01-24,META,186.55000000
170617,01,2018-01-25,META,187.48000000
170617,01,2018-01-26,META,190.00000000
170617,01,2018-01-29,META,185.98000000
170617,01,2018-01-30,META,187.12000000
170617,01,2018-01-31,META,186.89000000
170617,01,2018-02-01,META,193.09000000
170617,01,2018-02-02,META,190.28000000
170617,01,2018-02-05,META,181.26000000
170617,01,2018-02-06,META,185.31000000
170617,01,2018-02-07,META,180.18000000
170617,01,2018-02-08,META,171.58000000
170617,01,2018-02-09,META,176.11000000
170617,01,2018-02-12,META,176.41000000
170617,01,2018-02-13,META,173.15000000
170617,01,2018-02-14,META,179.52000000
170617,01,2018-02-15,META,179.96000000
170617,01,2018-02-16,META,177.36000000
170617,01,2018-02-20,META,176.01000000
170617,01,2018-02-21,META,177.91000000
170617,01,2018-02-22,META,178.99000000
170617,01,2018-02-23,META,183.29000000
170617,01,2018-02-26,META,184.93000000
170617,01,2018-02-27,META,181.46000000
170617,01,2018-02-28,META,178.32000000
170617,01,2018-03-01,META,175.94000000
170617,01,2018-03-02,META,176.62000000
170617,01,2018-03-05,META,180.40000000
170617,01,2018-03-06,META,179.78000000
170617,01,2018-03-07,META,183.71000000
170617,01,2018-03-08,META,182.34000000
170617,01,2018-03-09,META,185.23000000
170617,01,2018-03-12,META,184.76000000
170617,01,2018-03-13,META,181.88000000
170617,01,2018-03-14,META,184.19000000
170617,01,2018-03-15,META,183.86000000
170617,01,2018-03-16,META,185.09000000
170617,01,2018-03-19,META,172.56000000
170617,01,2018-03-20,META,168.15000000
170617,01,2018-03-21,META,169.39000000
170617,01,2018-03-22,META,164.89000000
170617,01,2018-03-23,META,159.39000000
170617,01,2018-03-26,META,160.06000000
170617,01,2018-03-27,META,152.22000000
170617,01,2018-03-28,META,153.03000000
170617,01,2018-03-29,META,159.79000000
170617,01,2018-04-02,META,155.39000000
170617,01,2018-04-03,META,156.11000000
170617,01,2018-04-04,META,155.10000000
170617,01,2018-04-05,META,159.34000000
170617,01,2018-04-06,META,157.20000000
170617,01,2018-04-09,META,157.93000000
170617,01,2018-04-10,META,165.04000000
170617,01,2018-04-11,META,166.32000000
170617,01,2018-04-12,META,163.87000000
170617,01,2018-04-13,META,164.52000000
170617,01,2018-04-16,META,164.83000000
170617,01,2018-04-17,META,168.66000000
170617,01,2018-04-18,META,166.36000000
170617,01,2018-04-19,META,168.10000000
170617,01,2018-04-20,META,166.28000000
170617,01,2018-04-23,META,165.84000000
170617,01,2018-04-24,META,159.69000000
170617,01,2018-04-25,META,159.69000000
170617,01,2018-04-26,META,174.16000000
170617,01,2018-04-27,META,173.59000000
170617,01,2018-04-30,META,172.00000000
170617,01,2018-05-01,META,173.86000000
170617,01,2018-05-02,META,176.07000000
170617,01,2018-05-03,META,174.02000000
170617,01,2018-05-04,META,176.61000000
170617,01,2018-05-07,META,177.97000000
170617,01,2018-05-08,META,178.92000000
170617,01,2018-05-09,META,182.66000000
170617,01,2018-05-10,META,185.53000000
170617,01,2018-05-11,META,186.99000000
170617,01,2018-05-14,META,186.64000000
170617,01,2018-05-15,META,184.32000000
170617,01,2018-05-16,META,183.20000000
170617,01,2018-05-17,META,183.76000000
170617,01,2018-05-18,META,182.68000000
170617,01,2018-05-21,META,184.49000000
170617,01,2018-05-22,META,183.80000000
170617,01,2018-05-23,META,186.90000000
170617,01,2018-05-24,META,185.93000000
170617,01,2018-05-25,META,184.92000000
170617,01,2018-05-29,META,185.74000000
170617,01,2018-05-30,META,187.67000000
170617,01,2018-05-31,META,191.78000000
170617,01,2018-06-01,META,193.99000000
170617,01,2018-06-04,META,193.28000000
170617,01,2018-06-05,META,192.94000000
170617,01,2018-06-06,META,191.34000000
170617,01,2018-06-07,META,188.18000000
170617,01,2018-06-08,META,189.10000000
170617,01,2018-06-11,META,191.54000000
170617,01,2018-06-12,META,192.40000000
170617,01,2018-06-13,META,192.41000000
170617,01,2018-06-14,META,196.81000000
170617,01,2018-06-15,META,195.85000000
170617,01,2018-06-18,META,198.31000000
170617,01,2018-06-19,META,197.49000000
170617,01,2018-06-20,META,202.00000000
170617,01,2018-06-21,META,201.50000000
170617,01,2018-06-22,META,201.74000000
170617,01,2018-06-25,META,196.35000000
170617,01,2018-06-26,META,199.00000000
170617,01,2018-06-27,META,195.84000000
170617,01,2018-06-28,META,196.23000000
170617,01,2018-06-29,META,194.32000000
170617,01,2018-07-02,META,197.36000000
170617,01,2018-07-03,META,192.73000000
170617,01,2018-07-05,META,198.45000000
170617,01,2018-07-06,META,203.23000000
170617,01,2018-07-09,META,204.74000000
170617,01,2018-07-10,META,203.54000000
170617,01,2018-07-11,META,202.54000000
170617,01,2018-07-12,META,206.92000000
170617,01,2018-07-13,META,207.32000000
170617,01,2018-07-16,META,207.23000000
170617,01,2018-07-17,META,209.99000000
170617,01,2018-07-18,META,209.36000000
170617,01,2018-07-19,META,208.09000000
170617,01,2018-07-20,META,209.94000000
170617,01,2018-07-23,META,210.91000000
170617,01,2018-07-24,META,214.67000000
170617,01,2018-07-25,META,217.50000000
170617,01,2018-07-26,META,176.26000000
170617,01,2018-07-27,META,174.89000000
170617,01,2018-07-30,META,171.06000000
170617,01,2018-07-31,META,172.58000000
170617,01,2018-08-01,META,171.65000000
170617,01,2018-08-02,META,176.37000000
170617,01,2018-08-03,META,177.78000000
170617,01,2018-08-06,META,185.69000000
170617,01,2018-08-07,META,183.81000000
170617,01,2018-08-08,META,185.18000000
170617,01,2018-08-09,META,183.09000000
170617,01,2018-08-10,META,180.26000000
170617,01,2018-08-13,META,180.05000000
170617,01,2018-08-14,META,181.11000000
170617,01,2018-08-15,META,179.53000000
170617,01,2018-08-16,META,174.70000000
170617,01,2018-08-17,META,173.80000000
170617,01,2018-08-20,META,172.50000000
170617,01,2018-08-21,META,172.62000000
170617,01,2018-08-22,META,173.64000000
170617,01,2018-08-23,META,172.90000000
170617,01,2018-08-24,META,174.64500000
170617,01,2018-08-27,META,177.46000000
170617,01,2018-08-28,META,176.26000000
170617,01,2018-08-29,META,175.90000000
170617,01,2018-08-30,META,177.64000000
170617,01,2018-08-31,META,175.73000000
170617,01,2018-09-04,META,171.16000000
170617,01,2018-09-05,META,167.18000000
170617,01,2018-09-06,META,162.53000000
170617,01,2018-09-07,META,163.04000000
170617,01,2018-09-10,META,164.18000000
170617,01,2018-09-11,META,165.94000000
170617,01,2018-09-12,META,162.00000000
170617,01,2018-09-13,META,161.36000000
170617,01,2018-09-14,META,162.32000000
170617,01,2018-09-17,META,160.58000000
170617,01,2018-09-18,META,160.30000000
170617,01,2018-09-19,META,163.06000000
170617,01,2018-09-20,META,166.02000000
170617,01,2018-09-21,META,162.93000000
170617,01,2018-09-24,META,165.41000000
170617,01,2018-09-25,META,164.91000000
170617,01,2018-09-26,META,166.95000000
170617,01,2018-09-27,META,168.84000000
170617,01,2018-09-28,META,164.46000000
170617,01,2018-10-01,META,162.44000000
170617,01,2018-10-02,META,159.33000000
170617,01,2018-10-03,META,162.43000000
170617,01,2018-10-04,META,158.85000000
170617,01,2018-10-05,META,157.33000000
170617,01,2018-10-08,META,157.25000000
170617,01,2018-10-09,META,157.90000000
170617,01,2018-10-10,META,151.38000000
170617,01,2018-10-11,META,153.35000000
170617,01,2018-10-12,META,153.74000000
170617,01,2018-10-15,META,153.52000000
170617,01,2018-10-16,META,158.78000000
170617,01,2018-10-17,META,159.42000000
170617,01,2018-10-18,META,154.92000000
170617,01,2018-10-19,META,154.05000000
170617,01,2018-10-22,META,154.78000000
170617,01,2018-10-23,META,154.39000000
170617,01,2018-10-24,META,146.04000000
170617,01,2018-10-25,META,150.95000000
170617,01,2018-10-26,META,145.37000000
170617,01,2018-10-29,META,142.09000000
170617,01,2018-10-30,META,146.22000000
170617,01,2018-10-31,META,151.79000000
170617,01,2018-11-01,META,151.75000000
170617,01,2018-11-02,META,150.35000000
170617,01,2018-11-05,META,148.68000000
170617,01,2018-11-06,META,149.94000000
170617,01,2018-11-07,META,151.53000000
170617,01,2018-11-08,META,147.87000000
170617,01,2018-11-09,META,144.96000000
170617,01,2018-11-12,META,141.55000000
170617,01,2018-11-13,META,142.16000000
170617,01,2018-11-14,META,144.22000000
170617,01,2018-11-15,META,143.85000000
170617,01,2018-11-16,META,139.53000000
170617,01,2018-11-19,META,131.55000000
170617,01,2018-11-20,META,132.43000000
170617,01,2018-11-21,META,134.82000000
170617,01,2018-11-23,META,131.73000000
170617,01,2018-11-26,META,136.38000000
170617,01,2018-11-27,META,135.00000000
170617,01,2018-11-28,META,136.76000000
170617,01,2018-11-29,META,138.68000000
170617,01,2018-11-30,META,140.61000000
170617,01,2018-12-03,META,141.09000000
170617,01,2018-12-04,META,137.93000000
170617,01,2018-12-06,META,139.63000000
170617,01,2018-12-07,META,137.42000000
170617,01,2018-12-10,META,141.85000000
170617,01,2018-12-11,META,142.08000000
170617,01,2018-12-12,META,144.50000000
170617,01,2018-12-13,META,145.01000000
170617,01,2018-12-14,META,144.06000000
170617,01,2018-12-17,META,140.19000000
170617,01,2018-12-18,META,143.66000000
170617,01,2018-12-19,META,133.24000000
170617,01,2018-12-20,META,133.40000000
170617,01,2018-12-21,META,124.95000000
170617,01,2018-12-24,META,124.06000000
170617,01,2018-12-26,META,134.18000000
170617,01,2018-12-27,META,134.52000000
170617,01,2018-12-28,META,133.20000000
170617,01,2018-12-31,META,131.09000000
170617,01,2019-01-02,META,135.68000000
170617,01,2019-01-03,META,131.74000000
170617,01,2019-01-04,META,137.95000000
170617,01,2019-01-07,META,138.05000000
170617,01,2019-01-08,META,142.53000000
170617,01,2019-01-09,META,144.23000000
170617,01,2019-01-10,META,144.20000000
170617,01,2019-01-11,META,143.80000000
170617,01,2019-01-14,META,145.39000000
170617,01,2019-01-15,META,148.95000000
170617,01,2019-01-16,META,147.54000000
170617,01,2019-01-17,META,148.30000000
170617,01,2019-01-18,META,150.04000000
170617,01,2019-01-22,META,147.57000000
170617,01,2019-01-23,META,144.30000000
170617,01,2019-01-24,META,145.83000000
170617,01,2019-01-25,META,149.01000000
170617,01,2019-01-28,META,147.47000000
170617,01,2019-01-29,META,144.19000000
170617,01,2019-01-30,META,150.42000000
170617,01,2019-01-31,META,166.69000000
170617,01,2019-02-01,META,165.71000000
170617,01,2019-02-04,META,169.25000000
170617,01,2019-02-05,META,171.16000000
170617,01,2019-02-06,META,170.49000000
170617,01,2019-02-07,META,166.38000000
170617,01,2019-02-08,META,167.33000000
170617,01,2019-02-11,META,165.79000000
170617,01,2019-02-12,META,165.04000000
170617,01,2019-02-13,META,164.07000000
170617,01,2019-02-14,META,163.95000000
170617,01,2019-02-15,META,162.50000000
170617,01,2019-02-19,META,162.29000000
170617,01,2019-02-20,META,162.56000000
170617,01,2019-02-21,META,160.04000000
170617,01,2019-02-22,META,161.89000000
170617,01,2019-02-25,META,164.62000000
170617,01,2019-02-26,META,164.13000000
170617,01,2019-02-27,META,162.81000000
170617,01,2019-02-28,META,161.45000000
170617,01,2019-03-01,META,162.28000000
170617,01,2019-03-04,META,167.37000000
170617,01,2019-03-05,META,171.26000000
170617,01,2019-03-06,META,172.51000000
170617,01,2019-03-07,META,169.13000000
170617,01,2019-03-08,META,169.60000000
170617,01,2019-03-11,META,172.07000000
170617,01,2019-03-12,META,171.92000000
170617,01,2019-03-13,META,173.37000000
170617,01,2019-03-14,META,170.17000000
170617,01,2019-03-15,META,165.98000000
170617,01,2019-03-18,META,160.47000000
170617,01,2019-03-19,META,161.57000000
170617,01,2019-03-20,META,165.44000000
170617,01,2019-03-21,META,166.08000000
170617,01,2019-03-22,META,164.34000000
170617,01,2019-03-25,META,166.29000000
170617,01,2019-03-26,META,167.68000000
170617,01,2019-03-27,META,165.87000000
170617,01,2019-03-28,META,165.55000000
170617,01,2019-03-29,META,166.69000000
170617,01,2019-04-01,META,168.70000000
170617,01,2019-04-02,META,174.20000000
170617,01,2019-04-03,META,173.54000000
170617,01,2019-04-04,META,176.02000000
170617,01,2019-04-05,META,175.72000000
170617,01,2019-04-08,META,174.93000000
170617,01,2019-04-09,META,177.58000000
170617,01,2019-04-10,META,177.82000000
170617,01,2019-04-11,META,177.51000000
170617,01,2019-04-12,META,179.10000000
170617,01,2019-04-15,META,179.65000000
170617,01,2019-04-16,META,178.87000000
170617,01,2019-04-17,META,178.78000000
170617,01,2019-04-18,META,178.28000000
170617,01,2019-04-22,META,181.44000000
170617,01,2019-04-23,META,183.78000000
170617,01,2019-04-24,META,182.58000000
170617,01,2019-04-25,META,193.26000000
170617,01,2019-04-26,META,191.49000000
170617,01,2019-04-29,META,194.78000000
170617,01,2019-04-30,META,193.40000000
170617,01,2019-05-01,META,193.03000000
170617,01,2019-05-02,META,192.53000000
170617,01,2019-05-03,META,195.47000000
170617,01,2019-05-06,META,193.88000000
170617,01,2019-05-07,META,189.77000000
170617,01,2019-05-08,META,189.54000000
170617,01,2019-05-09,META,188.65000000
170617,01,2019-05-10,META,188.34000000
170617,01,2019-05-13,META,181.54000000
170617,01,2019-05-14,META,180.73000000
170617,01,2019-05-15,META,186.27000000
170617,01,2019-05-16,META,186.99000000
170617,01,2019-05-17,META,185.30000000
170617,01,2019-05-20,META,182.72000000
170617,01,2019-05-21,META,184.82000000
170617,01,2019-05-22,META,185.32000000
170617,01,2019-05-23,META,180.87000000
170617,01,2019-05-24,META,181.06000000
170617,01,2019-05-28,META,184.31000000
170617,01,2019-05-29,META,182.19000000
170617,01,2019-05-30,META,183.01000000
170617,01,2019-05-31,META,177.47000000
170617,01,2019-06-03,META,164.15000000
170617,01,2019-06-04,META,167.50000000
170617,01,2019-06-05,META,168.17000000
170617,01,2019-06-06,META,168.33000000
170617,01,2019-06-07,META,173.35000000
170617,01,2019-06-10,META,174.82000000
170617,01,2019-06-11,META,178.10000000
170617,01,2019-06-12,META,175.04000000
170617,01,2019-06-13,META,177.47000000
170617,01,2019-06-14,META,181.33000000
170617,01,2019-06-17,META,189.01000000
170617,01,2019-06-18,META,188.47000000
170617,01,2019-06-19,META,187.48000000
170617,01,2019-06-20,META,189.53000000
170617,01,2019-06-21,META,191.14000000
170617,01,2019-06-24,META,192.60000000
170617,01,2019-06-25,META,188.84000000
170617,01,2019-06-26,META,187.66000000
170617,01,2019-06-27,META,189.50000000
170617,01,2019-06-28,META,193.00000000
170617,01,2019-07-01,META,193.00000000
170617,01,2019-07-02,META,195.00000000
170617,01,2019-07-03,META,197.20000000
170617,01,2019-07-05,META,196.40000000
170617,01,2019-07-08,META,195.76000000
170617,01,2019-07-09,META,199.21000000
170617,01,2019-07-10,META,202.73000000
170617,01,2019-07-11,META,201.23000000
170617,01,2019-07-12,META,204.87000000
170617,01,2019-07-15,META,203.91000000
170617,01,2019-07-16,META,203.84000000
170617,01,2019-07-17,META,201.80000000
170617,01,2019-07-18,META,200.78000000
170617,01,2019-07-19,META,198.36000000
170617,01,2019-07-22,META,202.32000000
170617,01,2019-07-23,META,202.36000000
170617,01,2019-07-24,META,204.66000000
170617,01,2019-07-25,META,200.71000000
170617,01,2019-07-26,META,199.75000000
170617,01,2019-07-29,META,195.94000000
170617,01,2019-07-30,META,197.04000000
170617,01,2019-07-31,META,194.23000000
170617,01,2019-08-01,META,192.73000000
170617,01,2019-08-02,META,189.02000000
170617,01,2019-08-05,META,181.73000000
170617,01,2019-08-06,META,184.51000000
170617,01,2019-08-07,META,185.15000000
170617,01,2019-08-08,META,190.16000000
170617,01,2019-08-09,META,187.85000000
170617,01,2019-08-12,META,185.37000000
170617,01,2019-08-13,META,188.45000000
170617,01,2019-08-14,META,179.71000000
170617,01,2019-08-15,META,182.59000000
170617,01,2019-08-16,META,183.70000000
170617,01,2019-08-19,META,186.17000000
170617,01,2019-08-20,META,183.81000000
170617,01,2019-08-21,META,183.55000000
170617,01,2019-08-22,META,182.04000000
170617,01,2019-08-23,META,177.75000000
170617,01,2019-08-26,META,180.36000000
170617,01,2019-08-27,META,181.30000000
170617,01,2019-08-28,META,181.76000000
170617,01,2019-08-29,META,185.57000000
170617,01,2019-08-30,META,185.67000000
170617,01,2019-09-03,META,182.39000000
170617,01,2019-09-04,META,187.14000000
170617,01,2019-09-05,META,190.90000000
170617,01,2019-09-06,META,187.49000000
170617,01,2019-09-09,META,188.76000000
170617,01,2019-09-10,META,186.17000000
170617,01,2019-09-11,META,188.49000000
170617,01,2019-09-12,META,187.47000000
170617,01,2019-09-13,META,187.19000000
170617,01,2019-09-16,META,186.22000000
170617,01,2019-09-17,META,188.08000000
170617,01,2019-09-18,META,188.14000000
170617,01,2019-09-19,META,190.14000000
170617,01,2019-09-20,META,189.93000000
170617,01,2019-09-23,META,186.82000000
170617,01,2019-09-24,META,181.28000000
170617,01,2019-09-25,META,182.80000000
170617,01,2019-09-26,META,180.11000000
170617,01,2019-09-27,META,177.10000000
170617,01,2019-09-30,META,178.08000000
170617,01,2019-10-01,META,175.81000000
170617,01,2019-10-02,META,174.60000000
170617,01,2019-10-03,META,179.38000000
170617,01,2019-10-04,META,180.45000000
170617,01,2019-10-07,META,179.68000000
170617,01,2019-10-08,META,177.75000000
170617,01,2019-10-09,META,179.85000000
170617,01,2019-10-10,META,180.03000000
170617,01,2019-10-11,META,184.19000000
170617,01,2019-10-14,META,183.28000000
170617,01,2019-10-15,META,188.89000000
170617,01,2019-10-16,META,189.55000000
170617,01,2019-10-17,META,190.39000000
170617,01,2019-10-18,META,185.85000000
170617,01,2019-10-21,META,189.76000000
170617,01,2019-10-22,META,182.34000000
170617,01,2019-10-23,META,186.15000000
170617,01,2019-10-24,META,186.38000000
170617,01,2019-10-25,META,187.89000000
170617,01,2019-10-28,META,189.40000000
170617,01,2019-10-29,META,189.31000000
170617,01,2019-10-30,META,188.25000000
170617,01,2019-10-31,META,191.65000000
170617,01,2019-11-01,META,193.62000000
170617,01,2019-11-04,META,194.72000000
170617,01,2019-11-05,META,194.32000000
170617,01,2019-11-06,META,191.55000000
170617,01,2019-11-07,META,190.42000000
170617,01,2019-11-08,META,190.84000000
170617,01,2019-11-11,META,189.61000000
170617,01,2019-11-12,META,194.47000000
170617,01,2019-11-13,META,193.19000000
170617,01,2019-11-14,META,193.15000000
170617,01,2019-11-15,META,195.10000000
170617,01,2019-11-18,META,197.40000000
170617,01,2019-11-19,META,199.32000000
170617,01,2019-11-20,META,197.51000000
170617,01,2019-11-21,META,197.93000000
170617,01,2019-11-22,META,198.82000000
170617,01,2019-11-25,META,199.79000000
170617,01,2019-11-26,META,198.97000000
170617,01,2019-11-27,META,202.00000000
170617,01,2019-11-29,META,201.64000000
170617,01,2019-12-02,META,199.70000000
170617,01,2019-12-03,META,198.82000000
170617,01,2019-12-04,META,198.71000000
170617,01,2019-12-05,META,199.36000000
170617,01,2019-12-06,META,201.05000000
170617,01,2019-12-09,META,201.34000000
170617,01,2019-12-10,META,200.87000000
170617,01,2019-12-11,META,202.26000000
170617,01,2019-12-12,META,196.75000000
170617,01,2019-12-13,META,194.11000000
170617,01,2019-12-16,META,197.92000000
170617,01,2019-12-17,META,198.39000000
170617,01,2019-12-18,META,202.50000000
170617,01,2019-12-19,META,206.06000000
170617,01,2019-12-20,META,206.30000000
170617,01,2019-12-23,META,206.18000000
170617,01,2019-12-24,META,205.12000000
170617,01,2019-12-26,META,207.79000000
170617,01,2019-12-27,META,208.10000000
170617,01,2019-12-30,META,204.41000000
170617,01,2019-12-31,META,205.25000000
170617,01,2020-01-02,META,209.78000000
170617,01,2020-01-03,META,208.67000000
170617,01,2020-01-06,META,212.60000000
170617,01,2020-01-07,META,213.06000000
170617,01,2020-01-08,META,215.22000000
170617,01,2020-01-09,META,218.30000000
170617,01,2020-01-10,META,218.06000000
170617,01,2020-01-13,META,221.91000000
170617,01,2020-01-14,META,219.06000000
170617,01,2020-01-15,META,221.15000000
170617,01,2020-01-16,META,221.77000000
170617,01,2020-01-17,META,222.14000000
170617,01,2020-01-21,META,221.44000000
170617,01,2020-01-22,META,221.32000000
170617,01,2020-01-23,META,219.76000000
170617,01,2020-01-24,META,217.94000000
170617,01,2020-01-27,META,214.87000000
170617,01,2020-01-28,META,217.79000000
170617,01,2020-01-29,META,223.23000000
170617,01,2020-01-30,META,209.53000000
170617,01,2020-01-31,META,201.91000000
170617,01,2020-02-03,META,204.19000000
170617,01,2020-02-04,META,209.83000000
170617,01,2020-02-05,META,210.11000000
170617,01,2020-02-06,META,210.85000000
170617,01,2020-02-07,META,212.33000000
170617,01,2020-02-10,META,213.06000000
170617,01,2020-02-11,META,207.19000000
170617,01,2020-02-12,META,210.76000000
170617,01,2020-02-13,META,213.14000000
170617,01,2020-02-14,META,214.18000000
170617,01,2020-02-18,META,217.80000000
170617,01,2020-02-19,META,217.49000000
170617,01,2020-02-20,META,214.58000000
170617,01,2020-02-21,META,210.18000000
170617,01,2020-02-24,META,200.72000000
170617,01,2020-02-25,META,196.77000000
170617,01,2020-02-26,META,197.20000000
170617,01,2020-02-27,META,189.75000000
170617,01,2020-02-28,META,192.47000000
170617,01,2020-03-02,META,196.44000000
170617,01,2020-03-03,META,185.89000000
170617,01,2020-03-04,META,191.76000000
170617,01,2020-03-05,META,185.17000000
170617,01,2020-03-06,META,181.09000000
170617,01,2020-03-09,META,169.50000000
170617,01,2020-03-10,META,178.19000000
170617,01,2020-03-11,META,170.24000000
170617,01,2020-03-12,META,154.47000000
170617,01,2020-03-13,META,170.28000000
170617,01,2020-03-16,META,146.01000000
170617,01,2020-03-17,META,149.42000000
170617,01,2020-03-18,META,146.96000000
170617,01,2020-03-19,META,153.13000000
170617,01,2020-03-20,META,149.73000000
170617,01,2020-03-23,META,148.10000000
170617,01,2020-03-24,META,160.98000000
170617,01,2020-03-25,META,156.21000000
170617,01,2020-03-26,META,163.34000000
170617,01,2020-03-27,META,156.79000000
170617,01,2020-03-30,META,165.95000000
170617,01,2020-03-31,META,166.80000000
170617,01,2020-04-01,META,159.60000000
170617,01,2020-04-02,META,158.19000000
170617,01,2020-04-03,META,154.18000000
170617,01,2020-04-06,META,165.55000000
170617,01,2020-04-07,META,168.83000000
170617,01,2020-04-08,META,174.28000000
170617,01,2020-04-09,META,175.19000000
170617,01,2020-04-13,META,174.79000000
170617,01,2020-04-14,META,178.17000000
170617,01,2020-04-15,META,176.97000000
170617,01,2020-04-16,META,176.25000000
170617,01,2020-04-17,META,179.24000000
170617,01,2020-04-20,META,178.24000000
170617,01,2020-04-21,META,170.80000000
170617,01,2020-04-22,META,182.28000000
170617,01,2020-04-23,META,185.13000000
170617,01,2020-04-24,META,190.07000000
170617,01,2020-04-27,META,187.50000000
170617,01,2020-04-28,META,182.91000000
170617,01,2020-04-29,META,194.19000000
170617,01,2020-04-30,META,204.71000000
170617,01,2020-05-01,META,202.27000000
170617,01,2020-05-04,META,205.26000000
170617,01,2020-05-05,META,207.07000000
170617,01,2020-05-06,META,208.47000000
170617,01,2020-05-07,META,211.26000000
170617,01,2020-05-08,META,212.35000000
170617,01,2020-05-11,META,213.18000000
170617,01,2020-05-12,META,210.10000000
170617,01,2020-05-13,META,205.10000000
170617,01,2020-05-14,META,206.81000000
170617,01,2020-05-15,META,210.88000000
170617,01,2020-05-18,META,213.19000000
170617,01,2020-05-19,META,216.88000000
170617,01,2020-05-20,META,229.97000000
170617,01,2020-05-21,META,231.39000000
170617,01,2020-05-22,META,234.91000000
170617,01,2020-05-26,META,232.20000000
170617,01,2020-05-27,META,229.14000000
170617,01,2020-05-28,META,225.46000000
170617,01,2020-05-29,META,225.09000000
170617,01,2020-06-01,META,231.91000000
170617,01,2020-06-02,META,232.72000000
170617,01,2020-06-03,META,230.16000000
170617,01,2020-06-04,META,226.29000000
170617,01,2020-06-05,META,230.77000000
170617,01,2020-06-08,META,231.40000000
170617,01,2020-06-09,META,238.67000000
170617,01,2020-06-10,META,236.73000000
170617,01,2020-06-11,META,224.43000000
170617,01,2020-06-12,META,228.58000000
170617,01,2020-06-15,META,232.50000000
170617,01,2020-06-16,META,235.65000000
170617,01,2020-06-17,META,235.53000000
170617,01,2020-06-18,META,235.94000000
170617,01,2020-06-19,META,238.79000000
170617,01,2020-06-22,META,239.22000000
170617,01,2020-06-23,META,242.24000000
170617,01,2020-06-24,META,234.02000000
170617,01,2020-06-25,META,235.68000000
170617,01,2020-06-26,META,216.08000000
170617,01,2020-06-29,META,220.64000000
170617,01,2020-06-30,META,227.07000000
170617,01,2020-07-01,META,237.55000000
170617,01,2020-07-02,META,233.42000000
170617,01,2020-07-06,META,240.28000000
170617,01,2020-07-07,META,240.86000000
170617,01,2020-07-08,META,243.58000000
170617,01,2020-07-09,META,244.50000000
170617,01,2020-07-10,META,245.07000000
170617,01,2020-07-13,META,239.00000000
170617,01,2020-07-14,META,239.73000000
170617,01,2020-07-15,META,240.28000000
170617,01,2020-07-16,META,240.93000000
170617,01,2020-07-17,META,242.03000000
170617,01,2020-07-20,META,245.42000000
170617,01,2020-07-21,META,241.75000000
170617,01,2020-07-22,META,239.87000000
170617,01,2020-07-23,META,232.60000000
170617,01,2020-07-24,META,230.71000000
170617,01,2020-07-27,META,233.50000000
170617,01,2020-07-28,META,230.12000000
170617,01,2020-07-29,META,233.29000000
170617,01,2020-07-30,META,234.50000000
170617,01,2020-07-31,META,253.67000000
170617,01,2020-08-03,META,251.96000000
170617,01,2020-08-04,META,249.83000000
170617,01,2020-08-05,META,249.12000000
170617,01,2020-08-06,META,265.28000000
170617,01,2020-08-07,META,268.44000000
170617,01,2020-08-10,META,263.00000000
170617,01,2020-08-11,META,256.13000000
170617,01,2020-08-12,META,259.89000000
170617,01,2020-08-13,META,261.30000000
170617,01,2020-08-14,META,261.24000000
170617,01,2020-08-17,META,261.16000000
170617,01,2020-08-18,META,262.34000000
170617,01,2020-08-19,META,262.59000000
170617,01,2020-08-20,META,269.01000000
170617,01,2020-08-21,META,267.01000000
170617,01,2020-08-24,META,271.39000000
170617,01,2020-08-25,META,280.82000000
170617,01,2020-08-26,META,303.91000000
170617,01,2020-08-27,META,293.22000000
170617,01,2020-08-28,META,293.66000000
170617,01,2020-08-31,META,293.20000000
170617,01,2020-09-01,META,295.44000000
170617,01,2020-09-02,META,302.50000000
170617,01,2020-09-03,META,291.12000000
170617,01,2020-09-04,META,282.73000000
170617,01,2020-09-08,META,271.16000000
170617,01,2020-09-09,META,273.72000000
170617,01,2020-09-10,META,268.09000000
170617,01,2020-09-11,META,266.61000000
170617,01,2020-09-14,META,266.15000000
170617,01,2020-09-15,META,272.42000000
170617,01,2020-09-16,META,263.52000000
170617,01,2020-09-17,META,254.82000000
170617,01,2020-09-18,META,252.53000000
170617,01,2020-09-21,META,248.15000000
170617,01,2020-09-22,META,254.75000000
170617,01,2020-09-23,META,249.02000000
170617,01,2020-09-24,META,249.53000000
170617,01,2020-09-25,META,254.82000000
170617,01,2020-09-28,META,256.82000000
170617,01,2020-09-29,META,261.79000000
170617,01,2020-09-30,META,261.90000000
170617,01,2020-10-01,META,266.63000000
170617,01,2020-10-02,META,259.94000000
170617,01,2020-10-05,META,264.65000000
170617,01,2020-10-06,META,258.66000000
170617,01,2020-10-07,META,258.12000000
170617,01,2020-10-08,META,263.76000000
170617,01,2020-10-09,META,264.45000000
170617,01,2020-10-12,META,275.75000000
170617,01,2020-10-13,META,276.14000000
170617,01,2020-10-14,META,271.82000000
170617,01,2020-10-15,META,266.72000000
170617,01,2020-10-16,META,265.93000000
170617,01,2020-10-19,META,261.40000000
170617,01,2020-10-20,META,267.56000000
170617,01,2020-10-21,META,278.73000000
170617,01,2020-10-22,META,278.12000000
170617,01,2020-10-23,META,284.79000000
170617,01,2020-10-26,META,277.11000000
170617,01,2020-10-27,META,283.29000000
170617,01,2020-10-28,META,267.67000000
170617,01,2020-10-29,META,280.83000000
170617,01,2020-10-30,META,263.11000000
170617,01,2020-11-02,META,261.36000000
170617,01,2020-11-03,META,265.30000000
170617,01,2020-11-04,META,287.38000000
170617,01,2020-11-05,META,294.68000000
170617,01,2020-11-06,META,293.41000000
170617,01,2020-11-09,META,278.77000000
170617,01,2020-11-10,META,272.43000000
170617,01,2020-11-11,META,276.48000000
170617,01,2020-11-12,META,275.08000000
170617,01,2020-11-13,META,276.95000000
170617,01,2020-11-16,META,278.96000000
170617,01,2020-11-17,META,275.00000000
170617,01,2020-11-18,META,271.97000000
170617,01,2020-11-19,META,272.94000000
170617,01,2020-11-20,META,269.70000000
170617,01,2020-11-23,META,268.43000000
170617,01,2020-11-24,META,276.92000000
170617,01,2020-11-25,META,275.59000000
170617,01,2020-11-27,META,277.81000000
170617,01,2020-11-30,META,276.97000000
170617,01,2020-12-01,META,286.55000000
170617,01,2020-12-02,META,287.52000000
170617,01,2020-12-03,META,281.85000000
170617,01,2020-12-04,META,279.70000000
170617,01,2020-12-07,META,285.58000000
170617,01,2020-12-08,META,283.40000000
170617,01,2020-12-09,META,277.92000000
170617,01,2020-12-10,META,277.12000000
170617,01,2020-12-11,META,273.55000000
170617,01,2020-12-14,META,274.19000000
170617,01,2020-12-15,META,275.55000000
170617,01,2020-12-16,META,275.67000000
170617,01,2020-12-17,META,274.48000000
170617,01,2020-12-18,META,276.40000000
170617,01,2020-12-21,META,272.79000000
170617,01,2020-12-22,META,267.09000000
170617,01,2020-12-23,META,268.11000000
170617,01,2020-12-24,META,267.40000000
170617,01,2020-12-28,META,277.00000000
170617,01,2020-12-29,META,276.78000000
170617,01,2020-12-30,META,271.87000000
170617,01,2020-12-31,META,273.16000000
170617,01,2021-01-04,META,268.94000000
170617,01,2021-01-05,META,270.97000000
170617,01,2021-01-06,META,263.31000000
170617,01,2021-01-07,META,268.74000000
170617,01,2021-01-08,META,267.57000000
170617,01,2021-01-11,META,256.84000000
170617,01,2021-01-12,META,251.09000000
170617,01,2021-01-13,META,251.64000000
170617,01,2021-01-14,META,245.64000000
170617,01,2021-01-15,META,251.36000000
170617,01,2021-01-19,META,261.10000000
170617,01,2021-01-20,META,267.48000000
170617,01,2021-01-21,META,272.87000000
170617,01,2021-01-22,META,274.50000000
170617,01,2021-01-25,META,278.01000000
170617,01,2021-01-26,META,282.05000000
170617,01,2021-01-27,META,272.14000000
170617,01,2021-01-28,META,265.00000000
170617,01,2021-01-29,META,258.33000000
170617,01,2021-02-01,META,262.01000000
170617,01,2021-02-02,META,267.08000000
170617,01,2021-02-03,META,266.65000000
170617,01,2021-02-04,META,266.49000000
170617,01,2021-02-05,META,268.10000000
170617,01,2021-02-08,META,266.58000000
170617,01,2021-02-09,META,269.45000000
170617,01,2021-02-10,META,271.87000000
170617,01,2021-02-11,META,270.39000000
170617,01,2021-02-12,META,270.50000000
170617,01,2021-02-16,META,273.97000000
170617,01,2021-02-17,META,273.57000000
170617,01,2021-02-18,META,269.39000000
170617,01,2021-02-19,META,261.56000000
170617,01,2021-02-22,META,260.33000000
170617,01,2021-02-23,META,265.85500000
170617,01,2021-02-24,META,264.31000000
170617,01,2021-02-25,META,254.69000000
170617,01,2021-02-26,META,257.62000000
170617,01,2021-03-01,META,264.91000000
170617,01,2021-03-02,META,259.00000000
170617,01,2021-03-03,META,255.41000000
170617,01,2021-03-04,META,257.64000000
170617,01,2021-03-05,META,264.28000000
170617,01,2021-03-08,META,255.31000000
170617,01,2021-03-09,META,265.74000000
170617,01,2021-03-10,META,264.90000000
170617,01,2021-03-11,META,273.88000000
170617,01,2021-03-12,META,268.40000000
170617,01,2021-03-15,META,273.75000000
170617,01,2021-03-16,META,279.28000000
170617,01,2021-03-17,META,284.01000000
170617,01,2021-03-18,META,278.62000000
170617,01,2021-03-19,META,290.11000000
170617,01,2021-03-22,META,293.54000000
170617,01,2021-03-23,META,290.63000000
170617,01,2021-03-24,META,282.14000000
170617,01,2021-03-25,META,278.74000000
170617,01,2021-03-26,META,283.02000000
170617,01,2021-03-29,META,290.82000000
170617,01,2021-03-30,META,288.00000000
170617,01,2021-03-31,META,294.53000000
170617,01,2021-04-01,META,298.66000000
170617,01,2021-04-05,META,308.91000000
170617,01,2021-04-06,META,306.26000000
170617,01,2021-04-07,META,313.09000000
170617,01,2021-04-08,META,313.02000000
170617,01,2021-04-09,META,312.46000000
170617,01,2021-04-12,META,311.54000000
170617,01,2021-04-13,META,309.76000000
170617,01,2021-04-14,META,302.82000000
170617,01,2021-04-15,META,307.82000000
170617,01,2021-04-16,META,306.18000000
170617,01,2021-04-19,META,302.24000000
170617,01,2021-04-20,META,302.65000000
170617,01,2021-04-21,META,301.47000000
170617,01,2021-04-22,META,296.52000000
170617,01,2021-04-23,META,301.13000000
170617,01,2021-04-26,META,303.04000000
170617,01,2021-04-27,META,303.57000000
170617,01,2021-04-28,META,307.10000000
170617,01,2021-04-29,META,329.51000000
170617,01,2021-04-30,META,325.08000000
170617,01,2021-05-03,META,322.58000000
170617,01,2021-05-04,META,318.36000000
170617,01,2021-05-05,META,315.02000000
170617,01,2021-05-06,META,320.02000000
170617,01,2021-05-07,META,319.08000000
170617,01,2021-05-10,META,305.97000000
170617,01,2021-05-11,META,306.53000000
170617,01,2021-05-12,META,302.55000000
170617,01,2021-05-13,META,305.26000000
170617,01,2021-05-14,META,315.94000000
170617,01,2021-05-17,META,315.46000000
170617,01,2021-05-18,META,309.96000000
170617,01,2021-05-19,META,313.59000000
170617,01,2021-05-20,META,318.61000000
170617,01,2021-05-21,META,316.23000000
170617,01,2021-05-24,META,324.63000000
170617,01,2021-05-25,META,327.79000000
170617,01,2021-05-26,META,327.66000000
170617,01,2021-05-27,META,332.75000000
170617,01,2021-05-28,META,328.73000000
170617,01,2021-06-01,META,329.13000000
170617,01,2021-06-02,META,329.15000000
170617,01,2021-06-03,META,326.04000000
170617,01,2021-06-04,META,330.35000000
170617,01,2021-06-07,META,336.58000000
170617,01,2021-06-08,META,333.68000000
170617,01,2021-06-09,META,330.25000000
170617,01,2021-06-10,META,332.46000000
170617,01,2021-06-11,META,331.26000000
170617,01,2021-06-14,META,336.77000000
170617,01,2021-06-15,META,336.75000000
170617,01,2021-06-16,META,331.08000000
170617,01,2021-06-17,META,336.51000000
170617,01,2021-06-18,META,329.66000000
170617,01,2021-06-21,META,332.29000000
170617,01,2021-06-22,META,339.03000000
170617,01,2021-06-23,META,340.59000000
170617,01,2021-06-24,META,343.18000000
170617,01,2021-06-25,META,341.37000000
170617,01,2021-06-28,META,355.64000000
170617,01,2021-06-29,META,351.89000000
170617,01,2021-06-30,META,347.71000000
170617,01,2021-07-01,META,354.39000000
170617,01,2021-07-02,META,354.70000000
170617,01,2021-07-06,META,352.78000000
170617,01,2021-07-07,META,350.49000000
170617,01,2021-07-08,META,345.65000000
170617,01,2021-07-09,META,350.42000000
170617,01,2021-07-12,META,353.16000000
170617,01,2021-07-13,META,352.09000000
170617,01,2021-07-14,META,347.63000000
170617,01,2021-07-15,META,344.46000000
170617,01,2021-07-16,META,341.16000000
170617,01,2021-07-19,META,336.95000000
170617,01,2021-07-20,META,341.66000000
170617,01,2021-07-21,META,346.23000000
170617,01,2021-07-22,META,351.19000000
170617,01,2021-07-23,META,369.79000000
170617,01,2021-07-26,META,372.46000000
170617,01,2021-07-27,META,367.81000000
170617,01,2021-07-28,META,373.28000000
170617,01,2021-07-29,META,358.32000000
170617,01,2021-07-30,META,356.30000000
170617,01,2021-08-02,META,351.95000000
170617,01,2021-08-03,META,351.24000000
170617,01,2021-08-04,META,358.92000000
170617,01,2021-08-05,META,362.97000000
170617,01,2021-08-06,META,363.51000000
170617,01,2021-08-09,META,361.61000000
170617,01,2021-08-10,META,361.13000000
170617,01,2021-08-11,META,359.96000000
170617,01,2021-08-12,META,362.65000000
170617,01,2021-08-13,META,363.18000000
170617,01,2021-08-16,META,366.56000000
170617,01,2021-08-17,META,358.45000000
170617,01,2021-08-18,META,355.45000000
170617,01,2021-08-19,META,355.12000000
170617,01,2021-08-20,META,359.37000000
170617,01,2021-08-23,META,363.35000000
170617,01,2021-08-24,META,365.51000000
170617,01,2021-08-25,META,368.39000000
170617,01,2021-08-26,META,364.38000000
170617,01,2021-08-27,META,372.63000000
170617,01,2021-08-30,META,380.66000000
170617,01,2021-08-31,META,379.38000000
170617,01,2021-09-01,META,382.05000000
170617,01,2021-09-02,META,375.28000000
170617,01,2021-09-03,META,376.26000000
170617,01,2021-09-07,META,382.18000000
170617,01,2021-09-08,META,377.57000000
170617,01,2021-09-09,META,378.00000000
170617,01,2021-09-10,META,378.69000000
170617,01,2021-09-13,META,376.51000000
170617,01,2021-09-14,META,376.53000000
170617,01,2021-09-15,META,373.92000000
170617,01,2021-09-16,META,373.06000000
170617,01,2021-09-17,META,364.72000000
170617,01,2021-09-20,META,355.70000000
170617,01,2021-09-21,META,357.48000000
170617,01,2021-09-22,META,343.21000000
170617,01,2021-09-23,META,345.96000000
170617,01,2021-09-24,META,352.96000000
170617,01,2021-09-27,META,353.58000000
170617,01,2021-09-28,META,340.65000000
170617,01,2021-09-29,META,339.61000000
170617,01,2021-09-30,META,339.39000000
170617,01,2021-10-01,META,343.01000000
